--------------------------------------------------------
--  File created - Sunday-June-23-2019   
--------------------------------------------------------
DROP SEQUENCE "JEWELLERY"."ACCOUNT_SEQ";
DROP SEQUENCE "JEWELLERY"."CUSTOMER_SEQ";
DROP SEQUENCE "JEWELLERY"."INVOICEACC_SEQ";
DROP SEQUENCE "JEWELLERY"."INVOICEPROD_SEQ";
DROP SEQUENCE "JEWELLERY"."INVOICE_SEQ";
DROP SEQUENCE "JEWELLERY"."ORDERPROD_SEQ";
DROP SEQUENCE "JEWELLERY"."ORDER_SEQ";
DROP SEQUENCE "JEWELLERY"."PRODUCT_SEQ";
DROP SEQUENCE "JEWELLERY"."SALES_SEQ";
DROP SEQUENCE "JEWELLERY"."SUPPLIER_SEQ";
DROP SEQUENCE "JEWELLERY"."USER_SEQ";
DROP TABLE "JEWELLERY"."ACCOUNTS";
DROP TABLE "JEWELLERY"."CUSTOMER";
DROP TABLE "JEWELLERY"."EMPLOYEE";
DROP TABLE "JEWELLERY"."INVOICE";
DROP TABLE "JEWELLERY"."INVOICE_ACCOUNT";
DROP TABLE "JEWELLERY"."INVOICE_PRODUCT";
DROP TABLE "JEWELLERY"."ORDERS";
DROP TABLE "JEWELLERY"."ORDER_PRODUCT";
DROP TABLE "JEWELLERY"."PRODUCT";
DROP TABLE "JEWELLERY"."SALES";
DROP TABLE "JEWELLERY"."SALES_ORDER";
DROP TABLE "JEWELLERY"."SUPPLIER";
--------------------------------------------------------
--  DDL for Sequence ACCOUNT_SEQ
--------------------------------------------------------

   CREATE SEQUENCE  "JEWELLERY"."ACCOUNT_SEQ"  MINVALUE 1 MAXVALUE 9999999999999999999999999999 INCREMENT BY 1 START WITH 21 CACHE 20 NOORDER  NOCYCLE ;
--------------------------------------------------------
--  DDL for Sequence CUSTOMER_SEQ
--------------------------------------------------------

   CREATE SEQUENCE  "JEWELLERY"."CUSTOMER_SEQ"  MINVALUE 1 MAXVALUE 9999999999999999999999999999 INCREMENT BY 1 START WITH 61 CACHE 20 NOORDER  NOCYCLE ;
--------------------------------------------------------
--  DDL for Sequence INVOICEACC_SEQ
--------------------------------------------------------

   CREATE SEQUENCE  "JEWELLERY"."INVOICEACC_SEQ"  MINVALUE 1 MAXVALUE 9999999999999999999999999999 INCREMENT BY 1 START WITH 21 CACHE 20 NOORDER  NOCYCLE ;
--------------------------------------------------------
--  DDL for Sequence INVOICEPROD_SEQ
--------------------------------------------------------

   CREATE SEQUENCE  "JEWELLERY"."INVOICEPROD_SEQ"  MINVALUE 1 MAXVALUE 9999999999999999999999999999 INCREMENT BY 1 START WITH 21 CACHE 20 NOORDER  NOCYCLE ;
--------------------------------------------------------
--  DDL for Sequence INVOICE_SEQ
--------------------------------------------------------

   CREATE SEQUENCE  "JEWELLERY"."INVOICE_SEQ"  MINVALUE 1 MAXVALUE 9999999999999999999999999999 INCREMENT BY 1 START WITH 21 CACHE 20 NOORDER  NOCYCLE ;
--------------------------------------------------------
--  DDL for Sequence ORDERPROD_SEQ
--------------------------------------------------------

   CREATE SEQUENCE  "JEWELLERY"."ORDERPROD_SEQ"  MINVALUE 1 MAXVALUE 9999999999999999999999999999 INCREMENT BY 1 START WITH 61 CACHE 20 NOORDER  NOCYCLE ;
--------------------------------------------------------
--  DDL for Sequence ORDER_SEQ
--------------------------------------------------------

   CREATE SEQUENCE  "JEWELLERY"."ORDER_SEQ"  MINVALUE 1 MAXVALUE 9999999999999999999999999999 INCREMENT BY 1 START WITH 61 CACHE 20 NOORDER  NOCYCLE ;
--------------------------------------------------------
--  DDL for Sequence PRODUCT_SEQ
--------------------------------------------------------

   CREATE SEQUENCE  "JEWELLERY"."PRODUCT_SEQ"  MINVALUE 1 MAXVALUE 9999999999999999999999999999 INCREMENT BY 1 START WITH 61 CACHE 20 NOORDER  NOCYCLE ;
--------------------------------------------------------
--  DDL for Sequence SALES_SEQ
--------------------------------------------------------

   CREATE SEQUENCE  "JEWELLERY"."SALES_SEQ"  MINVALUE 1 MAXVALUE 9999999999999999999999999999 INCREMENT BY 1 START WITH 61 CACHE 20 NOORDER  NOCYCLE ;
--------------------------------------------------------
--  DDL for Sequence SUPPLIER_SEQ
--------------------------------------------------------

   CREATE SEQUENCE  "JEWELLERY"."SUPPLIER_SEQ"  MINVALUE 1 MAXVALUE 9999999999999999999999999999 INCREMENT BY 1 START WITH 21 CACHE 20 NOORDER  NOCYCLE ;
--------------------------------------------------------
--  DDL for Sequence USER_SEQ
--------------------------------------------------------

   CREATE SEQUENCE  "JEWELLERY"."USER_SEQ"  MINVALUE 1 MAXVALUE 9999999999999999999999999999 INCREMENT BY 1 START WITH 21 CACHE 20 NOORDER  NOCYCLE ;
--------------------------------------------------------
--  DDL for Table ACCOUNTS
--------------------------------------------------------

  CREATE TABLE "JEWELLERY"."ACCOUNTS" 
   (	"ACCOUNT_ID" NUMBER(38,0), 
	"ACCOUNT_BALANCE" NUMBER(38,0) DEFAULT NULL, 
	"ACCOUNT_GOLD" VARCHAR2(50 BYTE), 
	"ACCOUNT_RATE" NUMBER(38,0), 
	"SUPPLIER_ID" NUMBER(38,0)
   ) SEGMENT CREATION IMMEDIATE 
  PCTFREE 10 PCTUSED 40 INITRANS 1 MAXTRANS 255 NOCOMPRESS LOGGING
  STORAGE(INITIAL 65536 NEXT 1048576 MINEXTENTS 1 MAXEXTENTS 2147483645
  PCTINCREASE 0 FREELISTS 1 FREELIST GROUPS 1 BUFFER_POOL DEFAULT FLASH_CACHE DEFAULT CELL_FLASH_CACHE DEFAULT)
  TABLESPACE "SYSTEM" ;
--------------------------------------------------------
--  DDL for Table CUSTOMER
--------------------------------------------------------

  CREATE TABLE "JEWELLERY"."CUSTOMER" 
   (	"CUSTOMER_ID" NUMBER(38,0), 
	"CUSTOMER_NAME" VARCHAR2(100 BYTE), 
	"CUSTOMER_ADDRESS" VARCHAR2(100 BYTE), 
	"CUSTOMER_PHONE" VARCHAR2(15 BYTE)
   ) SEGMENT CREATION IMMEDIATE 
  PCTFREE 10 PCTUSED 40 INITRANS 1 MAXTRANS 255 NOCOMPRESS LOGGING
  STORAGE(INITIAL 65536 NEXT 1048576 MINEXTENTS 1 MAXEXTENTS 2147483645
  PCTINCREASE 0 FREELISTS 1 FREELIST GROUPS 1 BUFFER_POOL DEFAULT FLASH_CACHE DEFAULT CELL_FLASH_CACHE DEFAULT)
  TABLESPACE "SYSTEM" ;
--------------------------------------------------------
--  DDL for Table EMPLOYEE
--------------------------------------------------------

  CREATE TABLE "JEWELLERY"."EMPLOYEE" 
   (	"USER_ID" NUMBER(38,0), 
	"USER_NAME" VARCHAR2(100 BYTE), 
	"USER_TYPE" VARCHAR2(50 BYTE), 
	"USER_PHONE" VARCHAR2(15 BYTE), 
	"USER_PASSWORD" VARCHAR2(30 BYTE)
   ) SEGMENT CREATION IMMEDIATE 
  PCTFREE 10 PCTUSED 40 INITRANS 1 MAXTRANS 255 NOCOMPRESS LOGGING
  STORAGE(INITIAL 65536 NEXT 1048576 MINEXTENTS 1 MAXEXTENTS 2147483645
  PCTINCREASE 0 FREELISTS 1 FREELIST GROUPS 1 BUFFER_POOL DEFAULT FLASH_CACHE DEFAULT CELL_FLASH_CACHE DEFAULT)
  TABLESPACE "SYSTEM" ;
--------------------------------------------------------
--  DDL for Table INVOICE
--------------------------------------------------------

  CREATE TABLE "JEWELLERY"."INVOICE" 
   (	"INVOICE_ID" NUMBER(38,0), 
	"INVOICE_AMOUNT" NUMBER(38,0), 
	"INVOICE_RATE" NUMBER(38,0), 
	"INVOICE_DATE" VARCHAR2(20 BYTE), 
	"SUPPLIER_ID" NUMBER(38,0)
   ) SEGMENT CREATION IMMEDIATE 
  PCTFREE 10 PCTUSED 40 INITRANS 1 MAXTRANS 255 NOCOMPRESS LOGGING
  STORAGE(INITIAL 65536 NEXT 1048576 MINEXTENTS 1 MAXEXTENTS 2147483645
  PCTINCREASE 0 FREELISTS 1 FREELIST GROUPS 1 BUFFER_POOL DEFAULT FLASH_CACHE DEFAULT CELL_FLASH_CACHE DEFAULT)
  TABLESPACE "SYSTEM" ;
--------------------------------------------------------
--  DDL for Table INVOICE_ACCOUNT
--------------------------------------------------------

  CREATE TABLE "JEWELLERY"."INVOICE_ACCOUNT" 
   (	"INVOICE_ACCOUNT_ID" NUMBER(38,0), 
	"INVOICE_ID" NUMBER(38,0), 
	"ACCOUNT_ID" NUMBER(38,0)
   ) SEGMENT CREATION IMMEDIATE 
  PCTFREE 10 PCTUSED 40 INITRANS 1 MAXTRANS 255 NOCOMPRESS LOGGING
  STORAGE(INITIAL 65536 NEXT 1048576 MINEXTENTS 1 MAXEXTENTS 2147483645
  PCTINCREASE 0 FREELISTS 1 FREELIST GROUPS 1 BUFFER_POOL DEFAULT FLASH_CACHE DEFAULT CELL_FLASH_CACHE DEFAULT)
  TABLESPACE "SYSTEM" ;
--------------------------------------------------------
--  DDL for Table INVOICE_PRODUCT
--------------------------------------------------------

  CREATE TABLE "JEWELLERY"."INVOICE_PRODUCT" 
   (	"INVOICE_PRODUCT_ID" NUMBER(38,0), 
	"INVOICE_PRODUCT_QUANTITY" NUMBER(38,0), 
	"PRODUCT_ID" NUMBER(38,0), 
	"INVOICE_ID" NUMBER(38,0)
   ) SEGMENT CREATION IMMEDIATE 
  PCTFREE 10 PCTUSED 40 INITRANS 1 MAXTRANS 255 NOCOMPRESS LOGGING
  STORAGE(INITIAL 65536 NEXT 1048576 MINEXTENTS 1 MAXEXTENTS 2147483645
  PCTINCREASE 0 FREELISTS 1 FREELIST GROUPS 1 BUFFER_POOL DEFAULT FLASH_CACHE DEFAULT CELL_FLASH_CACHE DEFAULT)
  TABLESPACE "SYSTEM" ;
--------------------------------------------------------
--  DDL for Table ORDERS
--------------------------------------------------------

  CREATE TABLE "JEWELLERY"."ORDERS" 
   (	"ORDER_ID" NUMBER(38,0), 
	"ORDER_DATE" VARCHAR2(20 BYTE), 
	"ORDER_AMOUNT" NUMBER(38,0), 
	"CUSTOMER_ID" NUMBER(38,0)
   ) SEGMENT CREATION IMMEDIATE 
  PCTFREE 10 PCTUSED 40 INITRANS 1 MAXTRANS 255 NOCOMPRESS LOGGING
  STORAGE(INITIAL 65536 NEXT 1048576 MINEXTENTS 1 MAXEXTENTS 2147483645
  PCTINCREASE 0 FREELISTS 1 FREELIST GROUPS 1 BUFFER_POOL DEFAULT FLASH_CACHE DEFAULT CELL_FLASH_CACHE DEFAULT)
  TABLESPACE "SYSTEM" ;
--------------------------------------------------------
--  DDL for Table ORDER_PRODUCT
--------------------------------------------------------

  CREATE TABLE "JEWELLERY"."ORDER_PRODUCT" 
   (	"ORDER_PRODUCT_ID" NUMBER(38,0), 
	"ORDER_PRODUCT_QUANTITY" NUMBER(38,0), 
	"ORDER_ID" NUMBER(38,0), 
	"PRODUCT_ID" NUMBER(38,0)
   ) SEGMENT CREATION IMMEDIATE 
  PCTFREE 10 PCTUSED 40 INITRANS 1 MAXTRANS 255 NOCOMPRESS LOGGING
  STORAGE(INITIAL 65536 NEXT 1048576 MINEXTENTS 1 MAXEXTENTS 2147483645
  PCTINCREASE 0 FREELISTS 1 FREELIST GROUPS 1 BUFFER_POOL DEFAULT FLASH_CACHE DEFAULT CELL_FLASH_CACHE DEFAULT)
  TABLESPACE "SYSTEM" ;
--------------------------------------------------------
--  DDL for Table PRODUCT
--------------------------------------------------------

  CREATE TABLE "JEWELLERY"."PRODUCT" 
   (	"PRODUCT_ID" NUMBER(38,0), 
	"PRODUCT_TYPE" VARCHAR2(20 BYTE), 
	"PRODUCT_CARAT" NUMBER(38,0), 
	"PRODUCT_WEIGHT" NUMBER(38,0), 
	"PRODUCT_RATE" NUMBER(38,0), 
	"PRODUCT_UNITPRICE" NUMBER(38,0), 
	"PRODUCT_PRICE_OF_GOLD" NUMBER(38,0), 
	"PRODUCT_QUANTITY" NUMBER(38,0)
   ) SEGMENT CREATION IMMEDIATE 
  PCTFREE 10 PCTUSED 40 INITRANS 1 MAXTRANS 255 NOCOMPRESS LOGGING
  STORAGE(INITIAL 65536 NEXT 1048576 MINEXTENTS 1 MAXEXTENTS 2147483645
  PCTINCREASE 0 FREELISTS 1 FREELIST GROUPS 1 BUFFER_POOL DEFAULT FLASH_CACHE DEFAULT CELL_FLASH_CACHE DEFAULT)
  TABLESPACE "SYSTEM" ;
--------------------------------------------------------
--  DDL for Table SALES
--------------------------------------------------------

  CREATE TABLE "JEWELLERY"."SALES" 
   (	"SALES_ID" NUMBER(38,0), 
	"CUSTOMER_ID" NUMBER(38,0)
   ) SEGMENT CREATION IMMEDIATE 
  PCTFREE 10 PCTUSED 40 INITRANS 1 MAXTRANS 255 NOCOMPRESS LOGGING
  STORAGE(INITIAL 65536 NEXT 1048576 MINEXTENTS 1 MAXEXTENTS 2147483645
  PCTINCREASE 0 FREELISTS 1 FREELIST GROUPS 1 BUFFER_POOL DEFAULT FLASH_CACHE DEFAULT CELL_FLASH_CACHE DEFAULT)
  TABLESPACE "SYSTEM" ;
--------------------------------------------------------
--  DDL for Table SALES_ORDER
--------------------------------------------------------

  CREATE TABLE "JEWELLERY"."SALES_ORDER" 
   (	"SALES_ID" NUMBER(38,0), 
	"ORDER_ID" NUMBER(38,0)
   ) SEGMENT CREATION IMMEDIATE 
  PCTFREE 10 PCTUSED 40 INITRANS 1 MAXTRANS 255 NOCOMPRESS LOGGING
  STORAGE(INITIAL 65536 NEXT 1048576 MINEXTENTS 1 MAXEXTENTS 2147483645
  PCTINCREASE 0 FREELISTS 1 FREELIST GROUPS 1 BUFFER_POOL DEFAULT FLASH_CACHE DEFAULT CELL_FLASH_CACHE DEFAULT)
  TABLESPACE "SYSTEM" ;
--------------------------------------------------------
--  DDL for Table SUPPLIER
--------------------------------------------------------

  CREATE TABLE "JEWELLERY"."SUPPLIER" 
   (	"SUPPLIER_ID" NUMBER(38,0), 
	"SUPPLIER_NAME" VARCHAR2(50 BYTE), 
	"SUPPLIER_PHONE" VARCHAR2(20 BYTE)
   ) SEGMENT CREATION IMMEDIATE 
  PCTFREE 10 PCTUSED 40 INITRANS 1 MAXTRANS 255 NOCOMPRESS LOGGING
  STORAGE(INITIAL 65536 NEXT 1048576 MINEXTENTS 1 MAXEXTENTS 2147483645
  PCTINCREASE 0 FREELISTS 1 FREELIST GROUPS 1 BUFFER_POOL DEFAULT FLASH_CACHE DEFAULT CELL_FLASH_CACHE DEFAULT)
  TABLESPACE "SYSTEM" ;
REM INSERTING into JEWELLERY.ACCOUNTS
SET DEFINE OFF;
Insert into JEWELLERY.ACCOUNTS (ACCOUNT_ID,ACCOUNT_BALANCE,ACCOUNT_GOLD,ACCOUNT_RATE,SUPPLIER_ID) values (1,null,'1.5',7300,1);
Insert into JEWELLERY.ACCOUNTS (ACCOUNT_ID,ACCOUNT_BALANCE,ACCOUNT_GOLD,ACCOUNT_RATE,SUPPLIER_ID) values (2,null,'2',7300,2);
Insert into JEWELLERY.ACCOUNTS (ACCOUNT_ID,ACCOUNT_BALANCE,ACCOUNT_GOLD,ACCOUNT_RATE,SUPPLIER_ID) values (3,null,'2',7300,3);
Insert into JEWELLERY.ACCOUNTS (ACCOUNT_ID,ACCOUNT_BALANCE,ACCOUNT_GOLD,ACCOUNT_RATE,SUPPLIER_ID) values (4,null,'2',7300,4);
Insert into JEWELLERY.ACCOUNTS (ACCOUNT_ID,ACCOUNT_BALANCE,ACCOUNT_GOLD,ACCOUNT_RATE,SUPPLIER_ID) values (5,null,'2',7300,5);
Insert into JEWELLERY.ACCOUNTS (ACCOUNT_ID,ACCOUNT_BALANCE,ACCOUNT_GOLD,ACCOUNT_RATE,SUPPLIER_ID) values (6,null,'2',7300,6);
Insert into JEWELLERY.ACCOUNTS (ACCOUNT_ID,ACCOUNT_BALANCE,ACCOUNT_GOLD,ACCOUNT_RATE,SUPPLIER_ID) values (7,null,'2',7300,7);
Insert into JEWELLERY.ACCOUNTS (ACCOUNT_ID,ACCOUNT_BALANCE,ACCOUNT_GOLD,ACCOUNT_RATE,SUPPLIER_ID) values (8,null,'2',7300,8);
Insert into JEWELLERY.ACCOUNTS (ACCOUNT_ID,ACCOUNT_BALANCE,ACCOUNT_GOLD,ACCOUNT_RATE,SUPPLIER_ID) values (9,null,'2',7300,9);
Insert into JEWELLERY.ACCOUNTS (ACCOUNT_ID,ACCOUNT_BALANCE,ACCOUNT_GOLD,ACCOUNT_RATE,SUPPLIER_ID) values (10,null,'2',7300,10);
Insert into JEWELLERY.ACCOUNTS (ACCOUNT_ID,ACCOUNT_BALANCE,ACCOUNT_GOLD,ACCOUNT_RATE,SUPPLIER_ID) values (11,null,'2',7300,11);
Insert into JEWELLERY.ACCOUNTS (ACCOUNT_ID,ACCOUNT_BALANCE,ACCOUNT_GOLD,ACCOUNT_RATE,SUPPLIER_ID) values (12,null,'2',7300,12);
Insert into JEWELLERY.ACCOUNTS (ACCOUNT_ID,ACCOUNT_BALANCE,ACCOUNT_GOLD,ACCOUNT_RATE,SUPPLIER_ID) values (13,null,'2',7300,13);
Insert into JEWELLERY.ACCOUNTS (ACCOUNT_ID,ACCOUNT_BALANCE,ACCOUNT_GOLD,ACCOUNT_RATE,SUPPLIER_ID) values (14,null,'2',7300,14);
REM INSERTING into JEWELLERY.CUSTOMER
SET DEFINE OFF;
Insert into JEWELLERY.CUSTOMER (CUSTOMER_ID,CUSTOMER_NAME,CUSTOMER_ADDRESS,CUSTOMER_PHONE) values (1,'Shaheer','A-1/47 Rizwan Society near Safoorah Goth','03452964176');
Insert into JEWELLERY.CUSTOMER (CUSTOMER_ID,CUSTOMER_NAME,CUSTOMER_ADDRESS,CUSTOMER_PHONE) values (2,'QADIR','A-1/47 Rizwan Society near Safoorah Goth','03452964176');
Insert into JEWELLERY.CUSTOMER (CUSTOMER_ID,CUSTOMER_NAME,CUSTOMER_ADDRESS,CUSTOMER_PHONE) values (3,'Ali','A-6/48 Rizwan Society near Safoorah Goth','03452364176');
Insert into JEWELLERY.CUSTOMER (CUSTOMER_ID,CUSTOMER_NAME,CUSTOMER_ADDRESS,CUSTOMER_PHONE) values (4,'Asad','G-6/22 Ahmed Ali Society Gulshan Block 3','03332364176');
Insert into JEWELLERY.CUSTOMER (CUSTOMER_ID,CUSTOMER_NAME,CUSTOMER_ADDRESS,CUSTOMER_PHONE) values (5,'Shabbir','J-7/22 Ahmed Ali Society Gulshan Block 3','03332364886');
Insert into JEWELLERY.CUSTOMER (CUSTOMER_ID,CUSTOMER_NAME,CUSTOMER_ADDRESS,CUSTOMER_PHONE) values (6,'Hafsa','K-7/21 Grace Apartment Gulshan Block 4','03332364886');
Insert into JEWELLERY.CUSTOMER (CUSTOMER_ID,CUSTOMER_NAME,CUSTOMER_ADDRESS,CUSTOMER_PHONE) values (7,'Shahmeer','R-23 Cresent Apartment Gulshan Block 6','03492364886');
Insert into JEWELLERY.CUSTOMER (CUSTOMER_ID,CUSTOMER_NAME,CUSTOMER_ADDRESS,CUSTOMER_PHONE) values (8,'Maaz','R-24 Cresent Apartment Gulshan Block 6','03492367886');
Insert into JEWELLERY.CUSTOMER (CUSTOMER_ID,CUSTOMER_NAME,CUSTOMER_ADDRESS,CUSTOMER_PHONE) values (9,'Ahmjad','J-22 Cresent Apartment Gulshan Block 6','03492367886');
Insert into JEWELLERY.CUSTOMER (CUSTOMER_ID,CUSTOMER_NAME,CUSTOMER_ADDRESS,CUSTOMER_PHONE) values (10,'sajjid','k-14 Cresent Apartment Gulshan Block 6','03492367886');
Insert into JEWELLERY.CUSTOMER (CUSTOMER_ID,CUSTOMER_NAME,CUSTOMER_ADDRESS,CUSTOMER_PHONE) values (11,'sajjid','k-14 Cresent Apartment Gulshan Block 6','03492367886');
Insert into JEWELLERY.CUSTOMER (CUSTOMER_ID,CUSTOMER_NAME,CUSTOMER_ADDRESS,CUSTOMER_PHONE) values (12,'Soha','l-22 Cresent Apartment Gulshan Block 6','03493367886');
Insert into JEWELLERY.CUSTOMER (CUSTOMER_ID,CUSTOMER_NAME,CUSTOMER_ADDRESS,CUSTOMER_PHONE) values (13,'kazim','H-B#22  North karchi','03493367222');
Insert into JEWELLERY.CUSTOMER (CUSTOMER_ID,CUSTOMER_NAME,CUSTOMER_ADDRESS,CUSTOMER_PHONE) values (14,'saadat','K-D#23  North karchi','03497787222');
Insert into JEWELLERY.CUSTOMER (CUSTOMER_ID,CUSTOMER_NAME,CUSTOMER_ADDRESS,CUSTOMER_PHONE) values (15,'Ahmed','L-D#25  North karchi','03499789222');
Insert into JEWELLERY.CUSTOMER (CUSTOMER_ID,CUSTOMER_NAME,CUSTOMER_ADDRESS,CUSTOMER_PHONE) values (16,'farhan','B-23 Gulshan-e-iqbal block 11','03499119222');
Insert into JEWELLERY.CUSTOMER (CUSTOMER_ID,CUSTOMER_NAME,CUSTOMER_ADDRESS,CUSTOMER_PHONE) values (17,'zeeshan','B-27 Gulshan-e-iqbal block 11','03499119334');
Insert into JEWELLERY.CUSTOMER (CUSTOMER_ID,CUSTOMER_NAME,CUSTOMER_ADDRESS,CUSTOMER_PHONE) values (18,'Umer','B-88 Gulshan-e-iqbal block 11','03478119334');
Insert into JEWELLERY.CUSTOMER (CUSTOMER_ID,CUSTOMER_NAME,CUSTOMER_ADDRESS,CUSTOMER_PHONE) values (19,'hakeem','k-33 Gulshan-e-iqbal block 3','03471119334');
Insert into JEWELLERY.CUSTOMER (CUSTOMER_ID,CUSTOMER_NAME,CUSTOMER_ADDRESS,CUSTOMER_PHONE) values (20,'hakeem','k-33 Gulshan-e-iqbal block 3','03471119334');
Insert into JEWELLERY.CUSTOMER (CUSTOMER_ID,CUSTOMER_NAME,CUSTOMER_ADDRESS,CUSTOMER_PHONE) values (21,'Junaid','M-33 Gulshan-e-iqbal block 6','03472229334');
Insert into JEWELLERY.CUSTOMER (CUSTOMER_ID,CUSTOMER_NAME,CUSTOMER_ADDRESS,CUSTOMER_PHONE) values (22,'Qandeel','m-77 Nazimabad block 6','03475649334');
Insert into JEWELLERY.CUSTOMER (CUSTOMER_ID,CUSTOMER_NAME,CUSTOMER_ADDRESS,CUSTOMER_PHONE) values (23,'Javeria','l-55 Nazimabad block 6','0347111894');
Insert into JEWELLERY.CUSTOMER (CUSTOMER_ID,CUSTOMER_NAME,CUSTOMER_ADDRESS,CUSTOMER_PHONE) values (24,'Saim','k-330 Lyari scheme 4','03474419334');
Insert into JEWELLERY.CUSTOMER (CUSTOMER_ID,CUSTOMER_NAME,CUSTOMER_ADDRESS,CUSTOMER_PHONE) values (25,'Murtaza','J-33 Gulshan-e-iqbal block 13','03474456225');
Insert into JEWELLERY.CUSTOMER (CUSTOMER_ID,CUSTOMER_NAME,CUSTOMER_ADDRESS,CUSTOMER_PHONE) values (26,'Saif','H-7 Gulshan-e-iqbal block 6','03471110009');
Insert into JEWELLERY.CUSTOMER (CUSTOMER_ID,CUSTOMER_NAME,CUSTOMER_ADDRESS,CUSTOMER_PHONE) values (27,'Ahsan','P-13 Gulshan-e-iqbal block 6','03471112303');
Insert into JEWELLERY.CUSTOMER (CUSTOMER_ID,CUSTOMER_NAME,CUSTOMER_ADDRESS,CUSTOMER_PHONE) values (28,'zainab','M-33 Gulshan-e-iqbal block 6','03472229377');
Insert into JEWELLERY.CUSTOMER (CUSTOMER_ID,CUSTOMER_NAME,CUSTOMER_ADDRESS,CUSTOMER_PHONE) values (29,'Noori','m-77 Nazimabad block 6','03475649222');
Insert into JEWELLERY.CUSTOMER (CUSTOMER_ID,CUSTOMER_NAME,CUSTOMER_ADDRESS,CUSTOMER_PHONE) values (30,'ibadee','l-55 Nazimabad block 6','03471118940');
Insert into JEWELLERY.CUSTOMER (CUSTOMER_ID,CUSTOMER_NAME,CUSTOMER_ADDRESS,CUSTOMER_PHONE) values (31,'yasir','k-330 Lyari scheme 4','03474419377');
Insert into JEWELLERY.CUSTOMER (CUSTOMER_ID,CUSTOMER_NAME,CUSTOMER_ADDRESS,CUSTOMER_PHONE) values (32,'abdullah','J-33 Gulshan-e-iqbal block 13','03224456225');
Insert into JEWELLERY.CUSTOMER (CUSTOMER_ID,CUSTOMER_NAME,CUSTOMER_ADDRESS,CUSTOMER_PHONE) values (33,'yahya','H-7 Gulshan-e-iqbal block 6','03471117779');
Insert into JEWELLERY.CUSTOMER (CUSTOMER_ID,CUSTOMER_NAME,CUSTOMER_ADDRESS,CUSTOMER_PHONE) values (34,'furqan','P-13 Gulshan-e-iqbal block 6','03471112390');
Insert into JEWELLERY.CUSTOMER (CUSTOMER_ID,CUSTOMER_NAME,CUSTOMER_ADDRESS,CUSTOMER_PHONE) values (35,'Danish','M-33 Gulshan-e-iqbal block 6','03472229301');
Insert into JEWELLERY.CUSTOMER (CUSTOMER_ID,CUSTOMER_NAME,CUSTOMER_ADDRESS,CUSTOMER_PHONE) values (36,'hassan','m-77 Nazimabad block 6','03475649202');
Insert into JEWELLERY.CUSTOMER (CUSTOMER_ID,CUSTOMER_NAME,CUSTOMER_ADDRESS,CUSTOMER_PHONE) values (37,'khizar','l-55 Nazimabad block 6','03471118903');
Insert into JEWELLERY.CUSTOMER (CUSTOMER_ID,CUSTOMER_NAME,CUSTOMER_ADDRESS,CUSTOMER_PHONE) values (38,'tabish','k-330 Lyari scheme 4','03474419304');
Insert into JEWELLERY.CUSTOMER (CUSTOMER_ID,CUSTOMER_NAME,CUSTOMER_ADDRESS,CUSTOMER_PHONE) values (39,'moiz','J-33 Gulistan-e-jauhar block 2B','03224456205');
Insert into JEWELLERY.CUSTOMER (CUSTOMER_ID,CUSTOMER_NAME,CUSTOMER_ADDRESS,CUSTOMER_PHONE) values (40,'saad','H-7 Gulshan-e-iqbal block 6','03471117706');
Insert into JEWELLERY.CUSTOMER (CUSTOMER_ID,CUSTOMER_NAME,CUSTOMER_ADDRESS,CUSTOMER_PHONE) values (41,'zofeen','P-13 Gulistan-e-jauhar block 2B','03471112307');
Insert into JEWELLERY.CUSTOMER (CUSTOMER_ID,CUSTOMER_NAME,CUSTOMER_ADDRESS,CUSTOMER_PHONE) values (42,'jawed','M-33 Gulshan-e-iqbal block 6','03472229311');
Insert into JEWELLERY.CUSTOMER (CUSTOMER_ID,CUSTOMER_NAME,CUSTOMER_ADDRESS,CUSTOMER_PHONE) values (43,'Erum','m-77 Nazimabad block 6','03475649232');
Insert into JEWELLERY.CUSTOMER (CUSTOMER_ID,CUSTOMER_NAME,CUSTOMER_ADDRESS,CUSTOMER_PHONE) values (44,'Jamil','l-55 Nazimabad block 6','03471118923');
Insert into JEWELLERY.CUSTOMER (CUSTOMER_ID,CUSTOMER_NAME,CUSTOMER_ADDRESS,CUSTOMER_PHONE) values (45,'Meraj','k-330 Lyari scheme 4','03474419374');
Insert into JEWELLERY.CUSTOMER (CUSTOMER_ID,CUSTOMER_NAME,CUSTOMER_ADDRESS,CUSTOMER_PHONE) values (46,'sabeen','J-33 Gulistan-e-jauhar block 2B','03214456208');
Insert into JEWELLERY.CUSTOMER (CUSTOMER_ID,CUSTOMER_NAME,CUSTOMER_ADDRESS,CUSTOMER_PHONE) values (47,'sehrish','H-7 Gulshan-e-iqbal block 6','03471117788');
Insert into JEWELLERY.CUSTOMER (CUSTOMER_ID,CUSTOMER_NAME,CUSTOMER_ADDRESS,CUSTOMER_PHONE) values (48,'ayesha','P-13 Gulistan-e-jauhar block 2B','034711123099');
REM INSERTING into JEWELLERY.EMPLOYEE
SET DEFINE OFF;
Insert into JEWELLERY.EMPLOYEE (USER_ID,USER_NAME,USER_TYPE,USER_PHONE,USER_PASSWORD) values (1,'Mubashir','admin','1234567890','mubashir123');
Insert into JEWELLERY.EMPLOYEE (USER_ID,USER_NAME,USER_TYPE,USER_PHONE,USER_PASSWORD) values (2,'Saqib','cashier','0987654321','saqib!@#$');
Insert into JEWELLERY.EMPLOYEE (USER_ID,USER_NAME,USER_TYPE,USER_PHONE,USER_PASSWORD) values (3,'Saadat','cashier','0123456789','linkedlistuser');
Insert into JEWELLERY.EMPLOYEE (USER_ID,USER_NAME,USER_TYPE,USER_PHONE,USER_PASSWORD) values (4,'Asad','cashier','0213456789','asadaliart420');
Insert into JEWELLERY.EMPLOYEE (USER_ID,USER_NAME,USER_TYPE,USER_PHONE,USER_PASSWORD) values (5,'Ali','admin','0321456789','neduetcsit');
REM INSERTING into JEWELLERY.INVOICE
SET DEFINE OFF;
Insert into JEWELLERY.INVOICE (INVOICE_ID,INVOICE_AMOUNT,INVOICE_RATE,INVOICE_DATE,SUPPLIER_ID) values (1,45000,7300,'22/06/2019',1);
Insert into JEWELLERY.INVOICE (INVOICE_ID,INVOICE_AMOUNT,INVOICE_RATE,INVOICE_DATE,SUPPLIER_ID) values (2,145000,7300,'25/06/2019',2);
Insert into JEWELLERY.INVOICE (INVOICE_ID,INVOICE_AMOUNT,INVOICE_RATE,INVOICE_DATE,SUPPLIER_ID) values (3,77000,7300,'12/07/2019',3);
Insert into JEWELLERY.INVOICE (INVOICE_ID,INVOICE_AMOUNT,INVOICE_RATE,INVOICE_DATE,SUPPLIER_ID) values (4,127000,7300,'18/04/2019',4);
Insert into JEWELLERY.INVOICE (INVOICE_ID,INVOICE_AMOUNT,INVOICE_RATE,INVOICE_DATE,SUPPLIER_ID) values (5,527000,7300,'28/04/2019',5);
Insert into JEWELLERY.INVOICE (INVOICE_ID,INVOICE_AMOUNT,INVOICE_RATE,INVOICE_DATE,SUPPLIER_ID) values (6,222000,7300,'29/04/2019',6);
Insert into JEWELLERY.INVOICE (INVOICE_ID,INVOICE_AMOUNT,INVOICE_RATE,INVOICE_DATE,SUPPLIER_ID) values (7,90000,7300,'04/05/2019',7);
Insert into JEWELLERY.INVOICE (INVOICE_ID,INVOICE_AMOUNT,INVOICE_RATE,INVOICE_DATE,SUPPLIER_ID) values (8,300000,7300,'08/05/2019',8);
Insert into JEWELLERY.INVOICE (INVOICE_ID,INVOICE_AMOUNT,INVOICE_RATE,INVOICE_DATE,SUPPLIER_ID) values (9,150000,7300,'12/05/2019',9);
Insert into JEWELLERY.INVOICE (INVOICE_ID,INVOICE_AMOUNT,INVOICE_RATE,INVOICE_DATE,SUPPLIER_ID) values (10,80000,7300,'13/05/2019',10);
Insert into JEWELLERY.INVOICE (INVOICE_ID,INVOICE_AMOUNT,INVOICE_RATE,INVOICE_DATE,SUPPLIER_ID) values (11,50000,7300,'14/05/2019',11);
Insert into JEWELLERY.INVOICE (INVOICE_ID,INVOICE_AMOUNT,INVOICE_RATE,INVOICE_DATE,SUPPLIER_ID) values (12,80000,7300,'15/05/2019',12);
Insert into JEWELLERY.INVOICE (INVOICE_ID,INVOICE_AMOUNT,INVOICE_RATE,INVOICE_DATE,SUPPLIER_ID) values (13,80000,7300,'16/05/2019',13);
Insert into JEWELLERY.INVOICE (INVOICE_ID,INVOICE_AMOUNT,INVOICE_RATE,INVOICE_DATE,SUPPLIER_ID) values (14,50000,7300,'22/05/2019',14);
REM INSERTING into JEWELLERY.INVOICE_ACCOUNT
SET DEFINE OFF;
Insert into JEWELLERY.INVOICE_ACCOUNT (INVOICE_ACCOUNT_ID,INVOICE_ID,ACCOUNT_ID) values (1,1,1);
Insert into JEWELLERY.INVOICE_ACCOUNT (INVOICE_ACCOUNT_ID,INVOICE_ID,ACCOUNT_ID) values (2,2,2);
Insert into JEWELLERY.INVOICE_ACCOUNT (INVOICE_ACCOUNT_ID,INVOICE_ID,ACCOUNT_ID) values (3,3,3);
Insert into JEWELLERY.INVOICE_ACCOUNT (INVOICE_ACCOUNT_ID,INVOICE_ID,ACCOUNT_ID) values (4,4,4);
Insert into JEWELLERY.INVOICE_ACCOUNT (INVOICE_ACCOUNT_ID,INVOICE_ID,ACCOUNT_ID) values (5,5,5);
Insert into JEWELLERY.INVOICE_ACCOUNT (INVOICE_ACCOUNT_ID,INVOICE_ID,ACCOUNT_ID) values (6,6,6);
Insert into JEWELLERY.INVOICE_ACCOUNT (INVOICE_ACCOUNT_ID,INVOICE_ID,ACCOUNT_ID) values (7,7,7);
Insert into JEWELLERY.INVOICE_ACCOUNT (INVOICE_ACCOUNT_ID,INVOICE_ID,ACCOUNT_ID) values (8,8,8);
Insert into JEWELLERY.INVOICE_ACCOUNT (INVOICE_ACCOUNT_ID,INVOICE_ID,ACCOUNT_ID) values (9,9,9);
Insert into JEWELLERY.INVOICE_ACCOUNT (INVOICE_ACCOUNT_ID,INVOICE_ID,ACCOUNT_ID) values (10,10,10);
Insert into JEWELLERY.INVOICE_ACCOUNT (INVOICE_ACCOUNT_ID,INVOICE_ID,ACCOUNT_ID) values (11,11,11);
Insert into JEWELLERY.INVOICE_ACCOUNT (INVOICE_ACCOUNT_ID,INVOICE_ID,ACCOUNT_ID) values (12,12,12);
Insert into JEWELLERY.INVOICE_ACCOUNT (INVOICE_ACCOUNT_ID,INVOICE_ID,ACCOUNT_ID) values (13,13,13);
Insert into JEWELLERY.INVOICE_ACCOUNT (INVOICE_ACCOUNT_ID,INVOICE_ID,ACCOUNT_ID) values (14,14,14);
REM INSERTING into JEWELLERY.INVOICE_PRODUCT
SET DEFINE OFF;
Insert into JEWELLERY.INVOICE_PRODUCT (INVOICE_PRODUCT_ID,INVOICE_PRODUCT_QUANTITY,PRODUCT_ID,INVOICE_ID) values (1,3,1,1);
Insert into JEWELLERY.INVOICE_PRODUCT (INVOICE_PRODUCT_ID,INVOICE_PRODUCT_QUANTITY,PRODUCT_ID,INVOICE_ID) values (2,2,2,2);
Insert into JEWELLERY.INVOICE_PRODUCT (INVOICE_PRODUCT_ID,INVOICE_PRODUCT_QUANTITY,PRODUCT_ID,INVOICE_ID) values (3,2,3,3);
Insert into JEWELLERY.INVOICE_PRODUCT (INVOICE_PRODUCT_ID,INVOICE_PRODUCT_QUANTITY,PRODUCT_ID,INVOICE_ID) values (4,2,8,4);
Insert into JEWELLERY.INVOICE_PRODUCT (INVOICE_PRODUCT_ID,INVOICE_PRODUCT_QUANTITY,PRODUCT_ID,INVOICE_ID) values (5,15,18,5);
Insert into JEWELLERY.INVOICE_PRODUCT (INVOICE_PRODUCT_ID,INVOICE_PRODUCT_QUANTITY,PRODUCT_ID,INVOICE_ID) values (6,7,18,6);
Insert into JEWELLERY.INVOICE_PRODUCT (INVOICE_PRODUCT_ID,INVOICE_PRODUCT_QUANTITY,PRODUCT_ID,INVOICE_ID) values (7,5,27,7);
Insert into JEWELLERY.INVOICE_PRODUCT (INVOICE_PRODUCT_ID,INVOICE_PRODUCT_QUANTITY,PRODUCT_ID,INVOICE_ID) values (8,14,34,8);
Insert into JEWELLERY.INVOICE_PRODUCT (INVOICE_PRODUCT_ID,INVOICE_PRODUCT_QUANTITY,PRODUCT_ID,INVOICE_ID) values (9,8,41,9);
Insert into JEWELLERY.INVOICE_PRODUCT (INVOICE_PRODUCT_ID,INVOICE_PRODUCT_QUANTITY,PRODUCT_ID,INVOICE_ID) values (10,2,41,10);
Insert into JEWELLERY.INVOICE_PRODUCT (INVOICE_PRODUCT_ID,INVOICE_PRODUCT_QUANTITY,PRODUCT_ID,INVOICE_ID) values (11,1,41,11);
Insert into JEWELLERY.INVOICE_PRODUCT (INVOICE_PRODUCT_ID,INVOICE_PRODUCT_QUANTITY,PRODUCT_ID,INVOICE_ID) values (12,2,48,12);
Insert into JEWELLERY.INVOICE_PRODUCT (INVOICE_PRODUCT_ID,INVOICE_PRODUCT_QUANTITY,PRODUCT_ID,INVOICE_ID) values (13,2,48,13);
Insert into JEWELLERY.INVOICE_PRODUCT (INVOICE_PRODUCT_ID,INVOICE_PRODUCT_QUANTITY,PRODUCT_ID,INVOICE_ID) values (14,1,48,14);
REM INSERTING into JEWELLERY.ORDERS
SET DEFINE OFF;
Insert into JEWELLERY.ORDERS (ORDER_ID,ORDER_DATE,ORDER_AMOUNT,CUSTOMER_ID) values (1,'22/06/2019',45000,1);
Insert into JEWELLERY.ORDERS (ORDER_ID,ORDER_DATE,ORDER_AMOUNT,CUSTOMER_ID) values (2,'25/06/2019',145000,2);
Insert into JEWELLERY.ORDERS (ORDER_ID,ORDER_DATE,ORDER_AMOUNT,CUSTOMER_ID) values (3,'12/07/2019',77000,3);
Insert into JEWELLERY.ORDERS (ORDER_ID,ORDER_DATE,ORDER_AMOUNT,CUSTOMER_ID) values (4,'10/04/2019',23000,4);
Insert into JEWELLERY.ORDERS (ORDER_ID,ORDER_DATE,ORDER_AMOUNT,CUSTOMER_ID) values (5,'15/04/2019',17000,5);
Insert into JEWELLERY.ORDERS (ORDER_ID,ORDER_DATE,ORDER_AMOUNT,CUSTOMER_ID) values (6,'17/04/2019',45000,6);
Insert into JEWELLERY.ORDERS (ORDER_ID,ORDER_DATE,ORDER_AMOUNT,CUSTOMER_ID) values (7,'19/04/2019',55000,7);
Insert into JEWELLERY.ORDERS (ORDER_ID,ORDER_DATE,ORDER_AMOUNT,CUSTOMER_ID) values (8,'20/04/2019',75000,8);
Insert into JEWELLERY.ORDERS (ORDER_ID,ORDER_DATE,ORDER_AMOUNT,CUSTOMER_ID) values (9,'21/04/2019',23000,9);
Insert into JEWELLERY.ORDERS (ORDER_ID,ORDER_DATE,ORDER_AMOUNT,CUSTOMER_ID) values (10,'23/04/2019',60000,10);
Insert into JEWELLERY.ORDERS (ORDER_ID,ORDER_DATE,ORDER_AMOUNT,CUSTOMER_ID) values (11,'23/04/2019',60000,11);
Insert into JEWELLERY.ORDERS (ORDER_ID,ORDER_DATE,ORDER_AMOUNT,CUSTOMER_ID) values (12,'23/04/2019',70000,12);
Insert into JEWELLERY.ORDERS (ORDER_ID,ORDER_DATE,ORDER_AMOUNT,CUSTOMER_ID) values (13,'25/04/2019',170000,13);
Insert into JEWELLERY.ORDERS (ORDER_ID,ORDER_DATE,ORDER_AMOUNT,CUSTOMER_ID) values (14,'26/04/2019',50000,14);
Insert into JEWELLERY.ORDERS (ORDER_ID,ORDER_DATE,ORDER_AMOUNT,CUSTOMER_ID) values (15,'26/04/2019',20000,15);
Insert into JEWELLERY.ORDERS (ORDER_ID,ORDER_DATE,ORDER_AMOUNT,CUSTOMER_ID) values (16,'27/04/2019',90000,16);
Insert into JEWELLERY.ORDERS (ORDER_ID,ORDER_DATE,ORDER_AMOUNT,CUSTOMER_ID) values (17,'27/04/2019',70000,17);
Insert into JEWELLERY.ORDERS (ORDER_ID,ORDER_DATE,ORDER_AMOUNT,CUSTOMER_ID) values (18,'28/04/2019',40000,18);
Insert into JEWELLERY.ORDERS (ORDER_ID,ORDER_DATE,ORDER_AMOUNT,CUSTOMER_ID) values (19,'29/04/2019',80000,19);
Insert into JEWELLERY.ORDERS (ORDER_ID,ORDER_DATE,ORDER_AMOUNT,CUSTOMER_ID) values (20,'29/04/2019',80000,20);
Insert into JEWELLERY.ORDERS (ORDER_ID,ORDER_DATE,ORDER_AMOUNT,CUSTOMER_ID) values (21,'30/04/2019',67000,21);
Insert into JEWELLERY.ORDERS (ORDER_ID,ORDER_DATE,ORDER_AMOUNT,CUSTOMER_ID) values (22,'30/04/2019',70000,22);
Insert into JEWELLERY.ORDERS (ORDER_ID,ORDER_DATE,ORDER_AMOUNT,CUSTOMER_ID) values (23,'01/05/2019',207500,23);
Insert into JEWELLERY.ORDERS (ORDER_ID,ORDER_DATE,ORDER_AMOUNT,CUSTOMER_ID) values (24,'02/05/2019',90000,24);
Insert into JEWELLERY.ORDERS (ORDER_ID,ORDER_DATE,ORDER_AMOUNT,CUSTOMER_ID) values (25,'29/04/2019',105000,25);
Insert into JEWELLERY.ORDERS (ORDER_ID,ORDER_DATE,ORDER_AMOUNT,CUSTOMER_ID) values (26,'02/05/2019',55000,26);
Insert into JEWELLERY.ORDERS (ORDER_ID,ORDER_DATE,ORDER_AMOUNT,CUSTOMER_ID) values (27,'05/05/2019',30000,27);
Insert into JEWELLERY.ORDERS (ORDER_ID,ORDER_DATE,ORDER_AMOUNT,CUSTOMER_ID) values (28,'04/05/2019',67000,28);
Insert into JEWELLERY.ORDERS (ORDER_ID,ORDER_DATE,ORDER_AMOUNT,CUSTOMER_ID) values (29,'05/05/2019',70000,29);
Insert into JEWELLERY.ORDERS (ORDER_ID,ORDER_DATE,ORDER_AMOUNT,CUSTOMER_ID) values (30,'05/05/2019',207500,30);
Insert into JEWELLERY.ORDERS (ORDER_ID,ORDER_DATE,ORDER_AMOUNT,CUSTOMER_ID) values (31,'06/05/2019',90000,31);
Insert into JEWELLERY.ORDERS (ORDER_ID,ORDER_DATE,ORDER_AMOUNT,CUSTOMER_ID) values (32,'06/05/2019',105000,32);
Insert into JEWELLERY.ORDERS (ORDER_ID,ORDER_DATE,ORDER_AMOUNT,CUSTOMER_ID) values (33,'07/05/2019',55000,33);
Insert into JEWELLERY.ORDERS (ORDER_ID,ORDER_DATE,ORDER_AMOUNT,CUSTOMER_ID) values (34,'08/05/2019',30000,34);
Insert into JEWELLERY.ORDERS (ORDER_ID,ORDER_DATE,ORDER_AMOUNT,CUSTOMER_ID) values (35,'09/05/2019',67000,35);
Insert into JEWELLERY.ORDERS (ORDER_ID,ORDER_DATE,ORDER_AMOUNT,CUSTOMER_ID) values (36,'10/05/2019',70000,36);
Insert into JEWELLERY.ORDERS (ORDER_ID,ORDER_DATE,ORDER_AMOUNT,CUSTOMER_ID) values (37,'10/05/2019',207500,37);
Insert into JEWELLERY.ORDERS (ORDER_ID,ORDER_DATE,ORDER_AMOUNT,CUSTOMER_ID) values (38,'11/05/2019',90000,38);
Insert into JEWELLERY.ORDERS (ORDER_ID,ORDER_DATE,ORDER_AMOUNT,CUSTOMER_ID) values (39,'12/05/2019',105000,39);
Insert into JEWELLERY.ORDERS (ORDER_ID,ORDER_DATE,ORDER_AMOUNT,CUSTOMER_ID) values (40,'13/05/2019',55000,40);
Insert into JEWELLERY.ORDERS (ORDER_ID,ORDER_DATE,ORDER_AMOUNT,CUSTOMER_ID) values (41,'14/05/2019',30000,41);
Insert into JEWELLERY.ORDERS (ORDER_ID,ORDER_DATE,ORDER_AMOUNT,CUSTOMER_ID) values (42,'15/05/2019',67000,42);
Insert into JEWELLERY.ORDERS (ORDER_ID,ORDER_DATE,ORDER_AMOUNT,CUSTOMER_ID) values (43,'16/05/2019',70000,43);
Insert into JEWELLERY.ORDERS (ORDER_ID,ORDER_DATE,ORDER_AMOUNT,CUSTOMER_ID) values (44,'16/05/2019',207500,44);
Insert into JEWELLERY.ORDERS (ORDER_ID,ORDER_DATE,ORDER_AMOUNT,CUSTOMER_ID) values (45,'17/05/2019',90000,45);
Insert into JEWELLERY.ORDERS (ORDER_ID,ORDER_DATE,ORDER_AMOUNT,CUSTOMER_ID) values (46,'18/05/2019',105000,46);
Insert into JEWELLERY.ORDERS (ORDER_ID,ORDER_DATE,ORDER_AMOUNT,CUSTOMER_ID) values (47,'19/05/2019',55000,47);
Insert into JEWELLERY.ORDERS (ORDER_ID,ORDER_DATE,ORDER_AMOUNT,CUSTOMER_ID) values (48,'20/05/2019',30000,48);
REM INSERTING into JEWELLERY.ORDER_PRODUCT
SET DEFINE OFF;
Insert into JEWELLERY.ORDER_PRODUCT (ORDER_PRODUCT_ID,ORDER_PRODUCT_QUANTITY,ORDER_ID,PRODUCT_ID) values (1,1,1,1);
Insert into JEWELLERY.ORDER_PRODUCT (ORDER_PRODUCT_ID,ORDER_PRODUCT_QUANTITY,ORDER_ID,PRODUCT_ID) values (2,1,2,2);
Insert into JEWELLERY.ORDER_PRODUCT (ORDER_PRODUCT_ID,ORDER_PRODUCT_QUANTITY,ORDER_ID,PRODUCT_ID) values (3,2,3,3);
Insert into JEWELLERY.ORDER_PRODUCT (ORDER_PRODUCT_ID,ORDER_PRODUCT_QUANTITY,ORDER_ID,PRODUCT_ID) values (4,1,4,4);
Insert into JEWELLERY.ORDER_PRODUCT (ORDER_PRODUCT_ID,ORDER_PRODUCT_QUANTITY,ORDER_ID,PRODUCT_ID) values (5,1,5,5);
Insert into JEWELLERY.ORDER_PRODUCT (ORDER_PRODUCT_ID,ORDER_PRODUCT_QUANTITY,ORDER_ID,PRODUCT_ID) values (6,1,6,6);
Insert into JEWELLERY.ORDER_PRODUCT (ORDER_PRODUCT_ID,ORDER_PRODUCT_QUANTITY,ORDER_ID,PRODUCT_ID) values (7,1,7,7);
Insert into JEWELLERY.ORDER_PRODUCT (ORDER_PRODUCT_ID,ORDER_PRODUCT_QUANTITY,ORDER_ID,PRODUCT_ID) values (8,1,8,8);
Insert into JEWELLERY.ORDER_PRODUCT (ORDER_PRODUCT_ID,ORDER_PRODUCT_QUANTITY,ORDER_ID,PRODUCT_ID) values (9,1,9,9);
Insert into JEWELLERY.ORDER_PRODUCT (ORDER_PRODUCT_ID,ORDER_PRODUCT_QUANTITY,ORDER_ID,PRODUCT_ID) values (10,1,10,10);
Insert into JEWELLERY.ORDER_PRODUCT (ORDER_PRODUCT_ID,ORDER_PRODUCT_QUANTITY,ORDER_ID,PRODUCT_ID) values (11,1,11,11);
Insert into JEWELLERY.ORDER_PRODUCT (ORDER_PRODUCT_ID,ORDER_PRODUCT_QUANTITY,ORDER_ID,PRODUCT_ID) values (12,2,12,12);
Insert into JEWELLERY.ORDER_PRODUCT (ORDER_PRODUCT_ID,ORDER_PRODUCT_QUANTITY,ORDER_ID,PRODUCT_ID) values (13,1,13,13);
Insert into JEWELLERY.ORDER_PRODUCT (ORDER_PRODUCT_ID,ORDER_PRODUCT_QUANTITY,ORDER_ID,PRODUCT_ID) values (14,1,14,14);
Insert into JEWELLERY.ORDER_PRODUCT (ORDER_PRODUCT_ID,ORDER_PRODUCT_QUANTITY,ORDER_ID,PRODUCT_ID) values (15,1,15,15);
Insert into JEWELLERY.ORDER_PRODUCT (ORDER_PRODUCT_ID,ORDER_PRODUCT_QUANTITY,ORDER_ID,PRODUCT_ID) values (16,1,16,16);
Insert into JEWELLERY.ORDER_PRODUCT (ORDER_PRODUCT_ID,ORDER_PRODUCT_QUANTITY,ORDER_ID,PRODUCT_ID) values (17,1,17,17);
Insert into JEWELLERY.ORDER_PRODUCT (ORDER_PRODUCT_ID,ORDER_PRODUCT_QUANTITY,ORDER_ID,PRODUCT_ID) values (18,2,18,18);
Insert into JEWELLERY.ORDER_PRODUCT (ORDER_PRODUCT_ID,ORDER_PRODUCT_QUANTITY,ORDER_ID,PRODUCT_ID) values (19,1,19,19);
Insert into JEWELLERY.ORDER_PRODUCT (ORDER_PRODUCT_ID,ORDER_PRODUCT_QUANTITY,ORDER_ID,PRODUCT_ID) values (20,1,20,20);
Insert into JEWELLERY.ORDER_PRODUCT (ORDER_PRODUCT_ID,ORDER_PRODUCT_QUANTITY,ORDER_ID,PRODUCT_ID) values (21,1,21,21);
Insert into JEWELLERY.ORDER_PRODUCT (ORDER_PRODUCT_ID,ORDER_PRODUCT_QUANTITY,ORDER_ID,PRODUCT_ID) values (22,1,22,22);
Insert into JEWELLERY.ORDER_PRODUCT (ORDER_PRODUCT_ID,ORDER_PRODUCT_QUANTITY,ORDER_ID,PRODUCT_ID) values (23,1,23,23);
Insert into JEWELLERY.ORDER_PRODUCT (ORDER_PRODUCT_ID,ORDER_PRODUCT_QUANTITY,ORDER_ID,PRODUCT_ID) values (24,3,24,24);
Insert into JEWELLERY.ORDER_PRODUCT (ORDER_PRODUCT_ID,ORDER_PRODUCT_QUANTITY,ORDER_ID,PRODUCT_ID) values (25,1,25,25);
Insert into JEWELLERY.ORDER_PRODUCT (ORDER_PRODUCT_ID,ORDER_PRODUCT_QUANTITY,ORDER_ID,PRODUCT_ID) values (26,1,26,26);
Insert into JEWELLERY.ORDER_PRODUCT (ORDER_PRODUCT_ID,ORDER_PRODUCT_QUANTITY,ORDER_ID,PRODUCT_ID) values (27,1,27,27);
Insert into JEWELLERY.ORDER_PRODUCT (ORDER_PRODUCT_ID,ORDER_PRODUCT_QUANTITY,ORDER_ID,PRODUCT_ID) values (28,1,28,28);
Insert into JEWELLERY.ORDER_PRODUCT (ORDER_PRODUCT_ID,ORDER_PRODUCT_QUANTITY,ORDER_ID,PRODUCT_ID) values (29,1,29,29);
Insert into JEWELLERY.ORDER_PRODUCT (ORDER_PRODUCT_ID,ORDER_PRODUCT_QUANTITY,ORDER_ID,PRODUCT_ID) values (30,1,30,30);
Insert into JEWELLERY.ORDER_PRODUCT (ORDER_PRODUCT_ID,ORDER_PRODUCT_QUANTITY,ORDER_ID,PRODUCT_ID) values (31,3,31,31);
Insert into JEWELLERY.ORDER_PRODUCT (ORDER_PRODUCT_ID,ORDER_PRODUCT_QUANTITY,ORDER_ID,PRODUCT_ID) values (32,1,32,32);
Insert into JEWELLERY.ORDER_PRODUCT (ORDER_PRODUCT_ID,ORDER_PRODUCT_QUANTITY,ORDER_ID,PRODUCT_ID) values (33,1,33,33);
Insert into JEWELLERY.ORDER_PRODUCT (ORDER_PRODUCT_ID,ORDER_PRODUCT_QUANTITY,ORDER_ID,PRODUCT_ID) values (34,1,34,34);
Insert into JEWELLERY.ORDER_PRODUCT (ORDER_PRODUCT_ID,ORDER_PRODUCT_QUANTITY,ORDER_ID,PRODUCT_ID) values (35,1,35,35);
Insert into JEWELLERY.ORDER_PRODUCT (ORDER_PRODUCT_ID,ORDER_PRODUCT_QUANTITY,ORDER_ID,PRODUCT_ID) values (36,1,36,36);
Insert into JEWELLERY.ORDER_PRODUCT (ORDER_PRODUCT_ID,ORDER_PRODUCT_QUANTITY,ORDER_ID,PRODUCT_ID) values (37,1,37,37);
Insert into JEWELLERY.ORDER_PRODUCT (ORDER_PRODUCT_ID,ORDER_PRODUCT_QUANTITY,ORDER_ID,PRODUCT_ID) values (38,3,38,38);
Insert into JEWELLERY.ORDER_PRODUCT (ORDER_PRODUCT_ID,ORDER_PRODUCT_QUANTITY,ORDER_ID,PRODUCT_ID) values (39,1,39,39);
Insert into JEWELLERY.ORDER_PRODUCT (ORDER_PRODUCT_ID,ORDER_PRODUCT_QUANTITY,ORDER_ID,PRODUCT_ID) values (40,1,40,40);
Insert into JEWELLERY.ORDER_PRODUCT (ORDER_PRODUCT_ID,ORDER_PRODUCT_QUANTITY,ORDER_ID,PRODUCT_ID) values (41,1,41,41);
Insert into JEWELLERY.ORDER_PRODUCT (ORDER_PRODUCT_ID,ORDER_PRODUCT_QUANTITY,ORDER_ID,PRODUCT_ID) values (42,1,42,42);
Insert into JEWELLERY.ORDER_PRODUCT (ORDER_PRODUCT_ID,ORDER_PRODUCT_QUANTITY,ORDER_ID,PRODUCT_ID) values (43,1,43,43);
Insert into JEWELLERY.ORDER_PRODUCT (ORDER_PRODUCT_ID,ORDER_PRODUCT_QUANTITY,ORDER_ID,PRODUCT_ID) values (44,1,44,44);
Insert into JEWELLERY.ORDER_PRODUCT (ORDER_PRODUCT_ID,ORDER_PRODUCT_QUANTITY,ORDER_ID,PRODUCT_ID) values (45,3,45,45);
Insert into JEWELLERY.ORDER_PRODUCT (ORDER_PRODUCT_ID,ORDER_PRODUCT_QUANTITY,ORDER_ID,PRODUCT_ID) values (46,1,46,46);
Insert into JEWELLERY.ORDER_PRODUCT (ORDER_PRODUCT_ID,ORDER_PRODUCT_QUANTITY,ORDER_ID,PRODUCT_ID) values (47,1,47,47);
Insert into JEWELLERY.ORDER_PRODUCT (ORDER_PRODUCT_ID,ORDER_PRODUCT_QUANTITY,ORDER_ID,PRODUCT_ID) values (48,1,48,48);
REM INSERTING into JEWELLERY.PRODUCT
SET DEFINE OFF;
Insert into JEWELLERY.PRODUCT (PRODUCT_ID,PRODUCT_TYPE,PRODUCT_CARAT,PRODUCT_WEIGHT,PRODUCT_RATE,PRODUCT_UNITPRICE,PRODUCT_PRICE_OF_GOLD,PRODUCT_QUANTITY) values (1,'Ring',22,4,7300,30000,27740,20);
Insert into JEWELLERY.PRODUCT (PRODUCT_ID,PRODUCT_TYPE,PRODUCT_CARAT,PRODUCT_WEIGHT,PRODUCT_RATE,PRODUCT_UNITPRICE,PRODUCT_PRICE_OF_GOLD,PRODUCT_QUANTITY) values (2,'Ring',22,4,7300,30000,28000,20);
Insert into JEWELLERY.PRODUCT (PRODUCT_ID,PRODUCT_TYPE,PRODUCT_CARAT,PRODUCT_WEIGHT,PRODUCT_RATE,PRODUCT_UNITPRICE,PRODUCT_PRICE_OF_GOLD,PRODUCT_QUANTITY) values (3,'Brooch',22,4,7300,31000,35000,22);
Insert into JEWELLERY.PRODUCT (PRODUCT_ID,PRODUCT_TYPE,PRODUCT_CARAT,PRODUCT_WEIGHT,PRODUCT_RATE,PRODUCT_UNITPRICE,PRODUCT_PRICE_OF_GOLD,PRODUCT_QUANTITY) values (4,'Earings',22,11,7300,100000,90000,1);
Insert into JEWELLERY.PRODUCT (PRODUCT_ID,PRODUCT_TYPE,PRODUCT_CARAT,PRODUCT_WEIGHT,PRODUCT_RATE,PRODUCT_UNITPRICE,PRODUCT_PRICE_OF_GOLD,PRODUCT_QUANTITY) values (5,'Nose Pin',22,11,7300,17000,150000,1);
Insert into JEWELLERY.PRODUCT (PRODUCT_ID,PRODUCT_TYPE,PRODUCT_CARAT,PRODUCT_WEIGHT,PRODUCT_RATE,PRODUCT_UNITPRICE,PRODUCT_PRICE_OF_GOLD,PRODUCT_QUANTITY) values (6,'Ring',22,5,7300,45000,40000,1);
Insert into JEWELLERY.PRODUCT (PRODUCT_ID,PRODUCT_TYPE,PRODUCT_CARAT,PRODUCT_WEIGHT,PRODUCT_RATE,PRODUCT_UNITPRICE,PRODUCT_PRICE_OF_GOLD,PRODUCT_QUANTITY) values (7,'Braclet',22,6,7300,55000,49000,1);
Insert into JEWELLERY.PRODUCT (PRODUCT_ID,PRODUCT_TYPE,PRODUCT_CARAT,PRODUCT_WEIGHT,PRODUCT_RATE,PRODUCT_UNITPRICE,PRODUCT_PRICE_OF_GOLD,PRODUCT_QUANTITY) values (8,'Braclet',22,6,7300,75000,69000,1);
Insert into JEWELLERY.PRODUCT (PRODUCT_ID,PRODUCT_TYPE,PRODUCT_CARAT,PRODUCT_WEIGHT,PRODUCT_RATE,PRODUCT_UNITPRICE,PRODUCT_PRICE_OF_GOLD,PRODUCT_QUANTITY) values (9,'Nose Pin',22,3,7300,23000,20000,1);
Insert into JEWELLERY.PRODUCT (PRODUCT_ID,PRODUCT_TYPE,PRODUCT_CARAT,PRODUCT_WEIGHT,PRODUCT_RATE,PRODUCT_UNITPRICE,PRODUCT_PRICE_OF_GOLD,PRODUCT_QUANTITY) values (10,'Ring',22,7,7300,60000,55000,1);
Insert into JEWELLERY.PRODUCT (PRODUCT_ID,PRODUCT_TYPE,PRODUCT_CARAT,PRODUCT_WEIGHT,PRODUCT_RATE,PRODUCT_UNITPRICE,PRODUCT_PRICE_OF_GOLD,PRODUCT_QUANTITY) values (11,'Ring',22,7,7300,60000,55000,1);
Insert into JEWELLERY.PRODUCT (PRODUCT_ID,PRODUCT_TYPE,PRODUCT_CARAT,PRODUCT_WEIGHT,PRODUCT_RATE,PRODUCT_UNITPRICE,PRODUCT_PRICE_OF_GOLD,PRODUCT_QUANTITY) values (12,'Earings',22,8,7300,70000,65000,2);
Insert into JEWELLERY.PRODUCT (PRODUCT_ID,PRODUCT_TYPE,PRODUCT_CARAT,PRODUCT_WEIGHT,PRODUCT_RATE,PRODUCT_UNITPRICE,PRODUCT_PRICE_OF_GOLD,PRODUCT_QUANTITY) values (13,'Bangals',22,18,7300,170000,150000,1);
Insert into JEWELLERY.PRODUCT (PRODUCT_ID,PRODUCT_TYPE,PRODUCT_CARAT,PRODUCT_WEIGHT,PRODUCT_RATE,PRODUCT_UNITPRICE,PRODUCT_PRICE_OF_GOLD,PRODUCT_QUANTITY) values (14,'Ring',22,6,7300,50000,47000,1);
Insert into JEWELLERY.PRODUCT (PRODUCT_ID,PRODUCT_TYPE,PRODUCT_CARAT,PRODUCT_WEIGHT,PRODUCT_RATE,PRODUCT_UNITPRICE,PRODUCT_PRICE_OF_GOLD,PRODUCT_QUANTITY) values (15,'Pin',22,2,7300,20000,18000,1);
Insert into JEWELLERY.PRODUCT (PRODUCT_ID,PRODUCT_TYPE,PRODUCT_CARAT,PRODUCT_WEIGHT,PRODUCT_RATE,PRODUCT_UNITPRICE,PRODUCT_PRICE_OF_GOLD,PRODUCT_QUANTITY) values (16,'Necklace',22,10,7300,90000,80000,1);
Insert into JEWELLERY.PRODUCT (PRODUCT_ID,PRODUCT_TYPE,PRODUCT_CARAT,PRODUCT_WEIGHT,PRODUCT_RATE,PRODUCT_UNITPRICE,PRODUCT_PRICE_OF_GOLD,PRODUCT_QUANTITY) values (17,'Necklace',22,8,7300,70000,65000,1);
Insert into JEWELLERY.PRODUCT (PRODUCT_ID,PRODUCT_TYPE,PRODUCT_CARAT,PRODUCT_WEIGHT,PRODUCT_RATE,PRODUCT_UNITPRICE,PRODUCT_PRICE_OF_GOLD,PRODUCT_QUANTITY) values (18,'Ring',22,3,7300,40000,38000,2);
Insert into JEWELLERY.PRODUCT (PRODUCT_ID,PRODUCT_TYPE,PRODUCT_CARAT,PRODUCT_WEIGHT,PRODUCT_RATE,PRODUCT_UNITPRICE,PRODUCT_PRICE_OF_GOLD,PRODUCT_QUANTITY) values (19,'Necklace',22,3,7300,80000,73000,1);
Insert into JEWELLERY.PRODUCT (PRODUCT_ID,PRODUCT_TYPE,PRODUCT_CARAT,PRODUCT_WEIGHT,PRODUCT_RATE,PRODUCT_UNITPRICE,PRODUCT_PRICE_OF_GOLD,PRODUCT_QUANTITY) values (20,'Necklace',22,3,7300,80000,73000,1);
Insert into JEWELLERY.PRODUCT (PRODUCT_ID,PRODUCT_TYPE,PRODUCT_CARAT,PRODUCT_WEIGHT,PRODUCT_RATE,PRODUCT_UNITPRICE,PRODUCT_PRICE_OF_GOLD,PRODUCT_QUANTITY) values (21,'Rings',22,7,7300,67000,65000,1);
Insert into JEWELLERY.PRODUCT (PRODUCT_ID,PRODUCT_TYPE,PRODUCT_CARAT,PRODUCT_WEIGHT,PRODUCT_RATE,PRODUCT_UNITPRICE,PRODUCT_PRICE_OF_GOLD,PRODUCT_QUANTITY) values (22,'Tiara',22,7,7300,70000,68000,1);
Insert into JEWELLERY.PRODUCT (PRODUCT_ID,PRODUCT_TYPE,PRODUCT_CARAT,PRODUCT_WEIGHT,PRODUCT_RATE,PRODUCT_UNITPRICE,PRODUCT_PRICE_OF_GOLD,PRODUCT_QUANTITY) values (23,'Bangle',22,28,7300,207500,200000,1);
Insert into JEWELLERY.PRODUCT (PRODUCT_ID,PRODUCT_TYPE,PRODUCT_CARAT,PRODUCT_WEIGHT,PRODUCT_RATE,PRODUCT_UNITPRICE,PRODUCT_PRICE_OF_GOLD,PRODUCT_QUANTITY) values (24,'Ring',22,4,7300,90000,78000,3);
Insert into JEWELLERY.PRODUCT (PRODUCT_ID,PRODUCT_TYPE,PRODUCT_CARAT,PRODUCT_WEIGHT,PRODUCT_RATE,PRODUCT_UNITPRICE,PRODUCT_PRICE_OF_GOLD,PRODUCT_QUANTITY) values (25,'Earings',22,12,7300,105000,100000,1);
Insert into JEWELLERY.PRODUCT (PRODUCT_ID,PRODUCT_TYPE,PRODUCT_CARAT,PRODUCT_WEIGHT,PRODUCT_RATE,PRODUCT_UNITPRICE,PRODUCT_PRICE_OF_GOLD,PRODUCT_QUANTITY) values (26,'Ring',22,7,7300,55000,50000,1);
Insert into JEWELLERY.PRODUCT (PRODUCT_ID,PRODUCT_TYPE,PRODUCT_CARAT,PRODUCT_WEIGHT,PRODUCT_RATE,PRODUCT_UNITPRICE,PRODUCT_PRICE_OF_GOLD,PRODUCT_QUANTITY) values (27,'Nose Pin',22,4,7300,30000,28000,1);
Insert into JEWELLERY.PRODUCT (PRODUCT_ID,PRODUCT_TYPE,PRODUCT_CARAT,PRODUCT_WEIGHT,PRODUCT_RATE,PRODUCT_UNITPRICE,PRODUCT_PRICE_OF_GOLD,PRODUCT_QUANTITY) values (28,'Rings',22,7,7300,67000,65000,1);
Insert into JEWELLERY.PRODUCT (PRODUCT_ID,PRODUCT_TYPE,PRODUCT_CARAT,PRODUCT_WEIGHT,PRODUCT_RATE,PRODUCT_UNITPRICE,PRODUCT_PRICE_OF_GOLD,PRODUCT_QUANTITY) values (29,'Tiara',22,7,7300,70000,68000,1);
Insert into JEWELLERY.PRODUCT (PRODUCT_ID,PRODUCT_TYPE,PRODUCT_CARAT,PRODUCT_WEIGHT,PRODUCT_RATE,PRODUCT_UNITPRICE,PRODUCT_PRICE_OF_GOLD,PRODUCT_QUANTITY) values (30,'Bangle',22,28,7300,207500,200000,1);
Insert into JEWELLERY.PRODUCT (PRODUCT_ID,PRODUCT_TYPE,PRODUCT_CARAT,PRODUCT_WEIGHT,PRODUCT_RATE,PRODUCT_UNITPRICE,PRODUCT_PRICE_OF_GOLD,PRODUCT_QUANTITY) values (31,'Ring',22,4,7300,90000,78000,3);
Insert into JEWELLERY.PRODUCT (PRODUCT_ID,PRODUCT_TYPE,PRODUCT_CARAT,PRODUCT_WEIGHT,PRODUCT_RATE,PRODUCT_UNITPRICE,PRODUCT_PRICE_OF_GOLD,PRODUCT_QUANTITY) values (32,'Earings',22,12,7300,105000,100000,1);
Insert into JEWELLERY.PRODUCT (PRODUCT_ID,PRODUCT_TYPE,PRODUCT_CARAT,PRODUCT_WEIGHT,PRODUCT_RATE,PRODUCT_UNITPRICE,PRODUCT_PRICE_OF_GOLD,PRODUCT_QUANTITY) values (33,'Ring',22,7,7300,55000,50000,1);
Insert into JEWELLERY.PRODUCT (PRODUCT_ID,PRODUCT_TYPE,PRODUCT_CARAT,PRODUCT_WEIGHT,PRODUCT_RATE,PRODUCT_UNITPRICE,PRODUCT_PRICE_OF_GOLD,PRODUCT_QUANTITY) values (34,'Nose Pin',22,4,7300,30000,28000,1);
Insert into JEWELLERY.PRODUCT (PRODUCT_ID,PRODUCT_TYPE,PRODUCT_CARAT,PRODUCT_WEIGHT,PRODUCT_RATE,PRODUCT_UNITPRICE,PRODUCT_PRICE_OF_GOLD,PRODUCT_QUANTITY) values (35,'Rings',22,7,7300,67000,65000,1);
Insert into JEWELLERY.PRODUCT (PRODUCT_ID,PRODUCT_TYPE,PRODUCT_CARAT,PRODUCT_WEIGHT,PRODUCT_RATE,PRODUCT_UNITPRICE,PRODUCT_PRICE_OF_GOLD,PRODUCT_QUANTITY) values (36,'Tiara',22,7,7300,70000,68000,1);
Insert into JEWELLERY.PRODUCT (PRODUCT_ID,PRODUCT_TYPE,PRODUCT_CARAT,PRODUCT_WEIGHT,PRODUCT_RATE,PRODUCT_UNITPRICE,PRODUCT_PRICE_OF_GOLD,PRODUCT_QUANTITY) values (37,'Bangle',22,28,7300,207500,200000,1);
Insert into JEWELLERY.PRODUCT (PRODUCT_ID,PRODUCT_TYPE,PRODUCT_CARAT,PRODUCT_WEIGHT,PRODUCT_RATE,PRODUCT_UNITPRICE,PRODUCT_PRICE_OF_GOLD,PRODUCT_QUANTITY) values (38,'Ring',22,4,7300,90000,78000,3);
Insert into JEWELLERY.PRODUCT (PRODUCT_ID,PRODUCT_TYPE,PRODUCT_CARAT,PRODUCT_WEIGHT,PRODUCT_RATE,PRODUCT_UNITPRICE,PRODUCT_PRICE_OF_GOLD,PRODUCT_QUANTITY) values (39,'Earings',22,12,7300,105000,100000,1);
Insert into JEWELLERY.PRODUCT (PRODUCT_ID,PRODUCT_TYPE,PRODUCT_CARAT,PRODUCT_WEIGHT,PRODUCT_RATE,PRODUCT_UNITPRICE,PRODUCT_PRICE_OF_GOLD,PRODUCT_QUANTITY) values (40,'Ring',22,7,7300,55000,50000,1);
Insert into JEWELLERY.PRODUCT (PRODUCT_ID,PRODUCT_TYPE,PRODUCT_CARAT,PRODUCT_WEIGHT,PRODUCT_RATE,PRODUCT_UNITPRICE,PRODUCT_PRICE_OF_GOLD,PRODUCT_QUANTITY) values (41,'Nose Pin',22,4,7300,30000,28000,1);
Insert into JEWELLERY.PRODUCT (PRODUCT_ID,PRODUCT_TYPE,PRODUCT_CARAT,PRODUCT_WEIGHT,PRODUCT_RATE,PRODUCT_UNITPRICE,PRODUCT_PRICE_OF_GOLD,PRODUCT_QUANTITY) values (42,'Rings',22,7,7300,67000,65000,1);
Insert into JEWELLERY.PRODUCT (PRODUCT_ID,PRODUCT_TYPE,PRODUCT_CARAT,PRODUCT_WEIGHT,PRODUCT_RATE,PRODUCT_UNITPRICE,PRODUCT_PRICE_OF_GOLD,PRODUCT_QUANTITY) values (43,'Tiara',22,7,7300,70000,68000,1);
Insert into JEWELLERY.PRODUCT (PRODUCT_ID,PRODUCT_TYPE,PRODUCT_CARAT,PRODUCT_WEIGHT,PRODUCT_RATE,PRODUCT_UNITPRICE,PRODUCT_PRICE_OF_GOLD,PRODUCT_QUANTITY) values (44,'Bangle',22,28,7300,207500,200000,1);
Insert into JEWELLERY.PRODUCT (PRODUCT_ID,PRODUCT_TYPE,PRODUCT_CARAT,PRODUCT_WEIGHT,PRODUCT_RATE,PRODUCT_UNITPRICE,PRODUCT_PRICE_OF_GOLD,PRODUCT_QUANTITY) values (45,'Ring',22,4,7300,90000,78000,3);
Insert into JEWELLERY.PRODUCT (PRODUCT_ID,PRODUCT_TYPE,PRODUCT_CARAT,PRODUCT_WEIGHT,PRODUCT_RATE,PRODUCT_UNITPRICE,PRODUCT_PRICE_OF_GOLD,PRODUCT_QUANTITY) values (46,'Earings',22,12,7300,105000,100000,1);
Insert into JEWELLERY.PRODUCT (PRODUCT_ID,PRODUCT_TYPE,PRODUCT_CARAT,PRODUCT_WEIGHT,PRODUCT_RATE,PRODUCT_UNITPRICE,PRODUCT_PRICE_OF_GOLD,PRODUCT_QUANTITY) values (47,'Ring',22,7,7300,55000,50000,1);
Insert into JEWELLERY.PRODUCT (PRODUCT_ID,PRODUCT_TYPE,PRODUCT_CARAT,PRODUCT_WEIGHT,PRODUCT_RATE,PRODUCT_UNITPRICE,PRODUCT_PRICE_OF_GOLD,PRODUCT_QUANTITY) values (48,'Nose Pin',22,4,7300,30000,28000,1);
REM INSERTING into JEWELLERY.SALES
SET DEFINE OFF;
Insert into JEWELLERY.SALES (SALES_ID,CUSTOMER_ID) values (1,1);
Insert into JEWELLERY.SALES (SALES_ID,CUSTOMER_ID) values (2,2);
Insert into JEWELLERY.SALES (SALES_ID,CUSTOMER_ID) values (3,3);
Insert into JEWELLERY.SALES (SALES_ID,CUSTOMER_ID) values (4,4);
Insert into JEWELLERY.SALES (SALES_ID,CUSTOMER_ID) values (5,5);
Insert into JEWELLERY.SALES (SALES_ID,CUSTOMER_ID) values (6,6);
Insert into JEWELLERY.SALES (SALES_ID,CUSTOMER_ID) values (7,7);
Insert into JEWELLERY.SALES (SALES_ID,CUSTOMER_ID) values (8,8);
Insert into JEWELLERY.SALES (SALES_ID,CUSTOMER_ID) values (9,9);
Insert into JEWELLERY.SALES (SALES_ID,CUSTOMER_ID) values (10,10);
Insert into JEWELLERY.SALES (SALES_ID,CUSTOMER_ID) values (11,11);
Insert into JEWELLERY.SALES (SALES_ID,CUSTOMER_ID) values (12,12);
Insert into JEWELLERY.SALES (SALES_ID,CUSTOMER_ID) values (13,13);
Insert into JEWELLERY.SALES (SALES_ID,CUSTOMER_ID) values (14,14);
Insert into JEWELLERY.SALES (SALES_ID,CUSTOMER_ID) values (15,15);
Insert into JEWELLERY.SALES (SALES_ID,CUSTOMER_ID) values (16,16);
Insert into JEWELLERY.SALES (SALES_ID,CUSTOMER_ID) values (17,17);
Insert into JEWELLERY.SALES (SALES_ID,CUSTOMER_ID) values (18,18);
Insert into JEWELLERY.SALES (SALES_ID,CUSTOMER_ID) values (19,19);
Insert into JEWELLERY.SALES (SALES_ID,CUSTOMER_ID) values (20,20);
Insert into JEWELLERY.SALES (SALES_ID,CUSTOMER_ID) values (21,21);
Insert into JEWELLERY.SALES (SALES_ID,CUSTOMER_ID) values (22,22);
Insert into JEWELLERY.SALES (SALES_ID,CUSTOMER_ID) values (23,23);
Insert into JEWELLERY.SALES (SALES_ID,CUSTOMER_ID) values (24,24);
Insert into JEWELLERY.SALES (SALES_ID,CUSTOMER_ID) values (25,25);
Insert into JEWELLERY.SALES (SALES_ID,CUSTOMER_ID) values (26,26);
Insert into JEWELLERY.SALES (SALES_ID,CUSTOMER_ID) values (27,27);
Insert into JEWELLERY.SALES (SALES_ID,CUSTOMER_ID) values (28,28);
Insert into JEWELLERY.SALES (SALES_ID,CUSTOMER_ID) values (29,29);
Insert into JEWELLERY.SALES (SALES_ID,CUSTOMER_ID) values (30,30);
Insert into JEWELLERY.SALES (SALES_ID,CUSTOMER_ID) values (31,31);
Insert into JEWELLERY.SALES (SALES_ID,CUSTOMER_ID) values (32,32);
Insert into JEWELLERY.SALES (SALES_ID,CUSTOMER_ID) values (33,33);
Insert into JEWELLERY.SALES (SALES_ID,CUSTOMER_ID) values (34,34);
Insert into JEWELLERY.SALES (SALES_ID,CUSTOMER_ID) values (35,35);
Insert into JEWELLERY.SALES (SALES_ID,CUSTOMER_ID) values (36,36);
Insert into JEWELLERY.SALES (SALES_ID,CUSTOMER_ID) values (37,37);
Insert into JEWELLERY.SALES (SALES_ID,CUSTOMER_ID) values (38,38);
Insert into JEWELLERY.SALES (SALES_ID,CUSTOMER_ID) values (39,39);
Insert into JEWELLERY.SALES (SALES_ID,CUSTOMER_ID) values (40,40);
Insert into JEWELLERY.SALES (SALES_ID,CUSTOMER_ID) values (41,41);
Insert into JEWELLERY.SALES (SALES_ID,CUSTOMER_ID) values (42,42);
Insert into JEWELLERY.SALES (SALES_ID,CUSTOMER_ID) values (43,43);
Insert into JEWELLERY.SALES (SALES_ID,CUSTOMER_ID) values (44,44);
Insert into JEWELLERY.SALES (SALES_ID,CUSTOMER_ID) values (45,45);
Insert into JEWELLERY.SALES (SALES_ID,CUSTOMER_ID) values (46,46);
Insert into JEWELLERY.SALES (SALES_ID,CUSTOMER_ID) values (47,47);
Insert into JEWELLERY.SALES (SALES_ID,CUSTOMER_ID) values (48,48);
REM INSERTING into JEWELLERY.SALES_ORDER
SET DEFINE OFF;
Insert into JEWELLERY.SALES_ORDER (SALES_ID,ORDER_ID) values (1,1);
Insert into JEWELLERY.SALES_ORDER (SALES_ID,ORDER_ID) values (2,2);
Insert into JEWELLERY.SALES_ORDER (SALES_ID,ORDER_ID) values (3,3);
Insert into JEWELLERY.SALES_ORDER (SALES_ID,ORDER_ID) values (4,4);
Insert into JEWELLERY.SALES_ORDER (SALES_ID,ORDER_ID) values (5,5);
Insert into JEWELLERY.SALES_ORDER (SALES_ID,ORDER_ID) values (6,6);
Insert into JEWELLERY.SALES_ORDER (SALES_ID,ORDER_ID) values (7,7);
Insert into JEWELLERY.SALES_ORDER (SALES_ID,ORDER_ID) values (8,8);
Insert into JEWELLERY.SALES_ORDER (SALES_ID,ORDER_ID) values (9,9);
Insert into JEWELLERY.SALES_ORDER (SALES_ID,ORDER_ID) values (10,10);
Insert into JEWELLERY.SALES_ORDER (SALES_ID,ORDER_ID) values (11,11);
Insert into JEWELLERY.SALES_ORDER (SALES_ID,ORDER_ID) values (12,12);
Insert into JEWELLERY.SALES_ORDER (SALES_ID,ORDER_ID) values (13,13);
Insert into JEWELLERY.SALES_ORDER (SALES_ID,ORDER_ID) values (14,14);
Insert into JEWELLERY.SALES_ORDER (SALES_ID,ORDER_ID) values (15,15);
Insert into JEWELLERY.SALES_ORDER (SALES_ID,ORDER_ID) values (16,16);
Insert into JEWELLERY.SALES_ORDER (SALES_ID,ORDER_ID) values (17,17);
Insert into JEWELLERY.SALES_ORDER (SALES_ID,ORDER_ID) values (18,18);
Insert into JEWELLERY.SALES_ORDER (SALES_ID,ORDER_ID) values (19,19);
Insert into JEWELLERY.SALES_ORDER (SALES_ID,ORDER_ID) values (20,20);
Insert into JEWELLERY.SALES_ORDER (SALES_ID,ORDER_ID) values (21,21);
Insert into JEWELLERY.SALES_ORDER (SALES_ID,ORDER_ID) values (22,22);
Insert into JEWELLERY.SALES_ORDER (SALES_ID,ORDER_ID) values (23,23);
Insert into JEWELLERY.SALES_ORDER (SALES_ID,ORDER_ID) values (24,24);
Insert into JEWELLERY.SALES_ORDER (SALES_ID,ORDER_ID) values (25,25);
Insert into JEWELLERY.SALES_ORDER (SALES_ID,ORDER_ID) values (26,26);
Insert into JEWELLERY.SALES_ORDER (SALES_ID,ORDER_ID) values (27,27);
Insert into JEWELLERY.SALES_ORDER (SALES_ID,ORDER_ID) values (28,28);
Insert into JEWELLERY.SALES_ORDER (SALES_ID,ORDER_ID) values (29,29);
Insert into JEWELLERY.SALES_ORDER (SALES_ID,ORDER_ID) values (30,30);
Insert into JEWELLERY.SALES_ORDER (SALES_ID,ORDER_ID) values (31,31);
Insert into JEWELLERY.SALES_ORDER (SALES_ID,ORDER_ID) values (32,32);
Insert into JEWELLERY.SALES_ORDER (SALES_ID,ORDER_ID) values (33,33);
Insert into JEWELLERY.SALES_ORDER (SALES_ID,ORDER_ID) values (34,34);
Insert into JEWELLERY.SALES_ORDER (SALES_ID,ORDER_ID) values (35,35);
Insert into JEWELLERY.SALES_ORDER (SALES_ID,ORDER_ID) values (36,36);
Insert into JEWELLERY.SALES_ORDER (SALES_ID,ORDER_ID) values (37,37);
Insert into JEWELLERY.SALES_ORDER (SALES_ID,ORDER_ID) values (38,38);
Insert into JEWELLERY.SALES_ORDER (SALES_ID,ORDER_ID) values (39,39);
Insert into JEWELLERY.SALES_ORDER (SALES_ID,ORDER_ID) values (40,40);
Insert into JEWELLERY.SALES_ORDER (SALES_ID,ORDER_ID) values (41,41);
Insert into JEWELLERY.SALES_ORDER (SALES_ID,ORDER_ID) values (42,42);
Insert into JEWELLERY.SALES_ORDER (SALES_ID,ORDER_ID) values (43,43);
Insert into JEWELLERY.SALES_ORDER (SALES_ID,ORDER_ID) values (44,44);
Insert into JEWELLERY.SALES_ORDER (SALES_ID,ORDER_ID) values (45,45);
Insert into JEWELLERY.SALES_ORDER (SALES_ID,ORDER_ID) values (46,46);
Insert into JEWELLERY.SALES_ORDER (SALES_ID,ORDER_ID) values (47,47);
Insert into JEWELLERY.SALES_ORDER (SALES_ID,ORDER_ID) values (48,48);
REM INSERTING into JEWELLERY.SUPPLIER
SET DEFINE OFF;
Insert into JEWELLERY.SUPPLIER (SUPPLIER_ID,SUPPLIER_NAME,SUPPLIER_PHONE) values (1,'Hassan','03154584646');
Insert into JEWELLERY.SUPPLIER (SUPPLIER_ID,SUPPLIER_NAME,SUPPLIER_PHONE) values (2,'ALI','0315458464');
Insert into JEWELLERY.SUPPLIER (SUPPLIER_ID,SUPPLIER_NAME,SUPPLIER_PHONE) values (3,'Majid','0316668464');
Insert into JEWELLERY.SUPPLIER (SUPPLIER_ID,SUPPLIER_NAME,SUPPLIER_PHONE) values (4,'Ali','0316668464');
Insert into JEWELLERY.SUPPLIER (SUPPLIER_ID,SUPPLIER_NAME,SUPPLIER_PHONE) values (5,'Naveed','0349668222');
Insert into JEWELLERY.SUPPLIER (SUPPLIER_ID,SUPPLIER_NAME,SUPPLIER_PHONE) values (6,'Imran','0349558222');
Insert into JEWELLERY.SUPPLIER (SUPPLIER_ID,SUPPLIER_NAME,SUPPLIER_PHONE) values (7,'hadi','0349555656');
Insert into JEWELLERY.SUPPLIER (SUPPLIER_ID,SUPPLIER_NAME,SUPPLIER_PHONE) values (8,'shabbi','0349555644');
Insert into JEWELLERY.SUPPLIER (SUPPLIER_ID,SUPPLIER_NAME,SUPPLIER_PHONE) values (9,'daniyal','0349555608');
Insert into JEWELLERY.SUPPLIER (SUPPLIER_ID,SUPPLIER_NAME,SUPPLIER_PHONE) values (10,'talha','0349555609');
Insert into JEWELLERY.SUPPLIER (SUPPLIER_ID,SUPPLIER_NAME,SUPPLIER_PHONE) values (11,'shabbi','0349555644');
Insert into JEWELLERY.SUPPLIER (SUPPLIER_ID,SUPPLIER_NAME,SUPPLIER_PHONE) values (12,'daniyal','0349555608');
Insert into JEWELLERY.SUPPLIER (SUPPLIER_ID,SUPPLIER_NAME,SUPPLIER_PHONE) values (13,'sanaullah','0349555609');
Insert into JEWELLERY.SUPPLIER (SUPPLIER_ID,SUPPLIER_NAME,SUPPLIER_PHONE) values (14,'Muzammil','0349555666');
--------------------------------------------------------
--  DDL for Index INVOICE_PRODUCT_PK
--------------------------------------------------------

  CREATE UNIQUE INDEX "JEWELLERY"."INVOICE_PRODUCT_PK" ON "JEWELLERY"."INVOICE_PRODUCT" ("INVOICE_PRODUCT_ID") 
  PCTFREE 10 INITRANS 2 MAXTRANS 255 COMPUTE STATISTICS 
  STORAGE(INITIAL 65536 NEXT 1048576 MINEXTENTS 1 MAXEXTENTS 2147483645
  PCTINCREASE 0 FREELISTS 1 FREELIST GROUPS 1 BUFFER_POOL DEFAULT FLASH_CACHE DEFAULT CELL_FLASH_CACHE DEFAULT)
  TABLESPACE "SYSTEM" ;
--------------------------------------------------------
--  DDL for Index ACCOUNT_PK
--------------------------------------------------------

  CREATE UNIQUE INDEX "JEWELLERY"."ACCOUNT_PK" ON "JEWELLERY"."ACCOUNTS" ("ACCOUNT_ID") 
  PCTFREE 10 INITRANS 2 MAXTRANS 255 COMPUTE STATISTICS 
  STORAGE(INITIAL 65536 NEXT 1048576 MINEXTENTS 1 MAXEXTENTS 2147483645
  PCTINCREASE 0 FREELISTS 1 FREELIST GROUPS 1 BUFFER_POOL DEFAULT FLASH_CACHE DEFAULT CELL_FLASH_CACHE DEFAULT)
  TABLESPACE "SYSTEM" ;
--------------------------------------------------------
--  DDL for Index ORDER_PRODUCT_PK
--------------------------------------------------------

  CREATE UNIQUE INDEX "JEWELLERY"."ORDER_PRODUCT_PK" ON "JEWELLERY"."ORDER_PRODUCT" ("ORDER_PRODUCT_ID") 
  PCTFREE 10 INITRANS 2 MAXTRANS 255 COMPUTE STATISTICS 
  STORAGE(INITIAL 65536 NEXT 1048576 MINEXTENTS 1 MAXEXTENTS 2147483645
  PCTINCREASE 0 FREELISTS 1 FREELIST GROUPS 1 BUFFER_POOL DEFAULT FLASH_CACHE DEFAULT CELL_FLASH_CACHE DEFAULT)
  TABLESPACE "SYSTEM" ;
--------------------------------------------------------
--  DDL for Index PRODUCT_PK
--------------------------------------------------------

  CREATE UNIQUE INDEX "JEWELLERY"."PRODUCT_PK" ON "JEWELLERY"."PRODUCT" ("PRODUCT_ID") 
  PCTFREE 10 INITRANS 2 MAXTRANS 255 COMPUTE STATISTICS 
  STORAGE(INITIAL 65536 NEXT 1048576 MINEXTENTS 1 MAXEXTENTS 2147483645
  PCTINCREASE 0 FREELISTS 1 FREELIST GROUPS 1 BUFFER_POOL DEFAULT FLASH_CACHE DEFAULT CELL_FLASH_CACHE DEFAULT)
  TABLESPACE "SYSTEM" ;
--------------------------------------------------------
--  DDL for Index SALES_ORDER_PK
--------------------------------------------------------

  CREATE UNIQUE INDEX "JEWELLERY"."SALES_ORDER_PK" ON "JEWELLERY"."SALES_ORDER" ("SALES_ID", "ORDER_ID") 
  PCTFREE 10 INITRANS 2 MAXTRANS 255 COMPUTE STATISTICS 
  STORAGE(INITIAL 65536 NEXT 1048576 MINEXTENTS 1 MAXEXTENTS 2147483645
  PCTINCREASE 0 FREELISTS 1 FREELIST GROUPS 1 BUFFER_POOL DEFAULT FLASH_CACHE DEFAULT CELL_FLASH_CACHE DEFAULT)
  TABLESPACE "SYSTEM" ;
--------------------------------------------------------
--  DDL for Index CUSTOMER_PK
--------------------------------------------------------

  CREATE UNIQUE INDEX "JEWELLERY"."CUSTOMER_PK" ON "JEWELLERY"."CUSTOMER" ("CUSTOMER_ID") 
  PCTFREE 10 INITRANS 2 MAXTRANS 255 COMPUTE STATISTICS 
  STORAGE(INITIAL 65536 NEXT 1048576 MINEXTENTS 1 MAXEXTENTS 2147483645
  PCTINCREASE 0 FREELISTS 1 FREELIST GROUPS 1 BUFFER_POOL DEFAULT FLASH_CACHE DEFAULT CELL_FLASH_CACHE DEFAULT)
  TABLESPACE "SYSTEM" ;
--------------------------------------------------------
--  DDL for Index ORDER_PK
--------------------------------------------------------

  CREATE UNIQUE INDEX "JEWELLERY"."ORDER_PK" ON "JEWELLERY"."ORDERS" ("ORDER_ID") 
  PCTFREE 10 INITRANS 2 MAXTRANS 255 COMPUTE STATISTICS 
  STORAGE(INITIAL 65536 NEXT 1048576 MINEXTENTS 1 MAXEXTENTS 2147483645
  PCTINCREASE 0 FREELISTS 1 FREELIST GROUPS 1 BUFFER_POOL DEFAULT FLASH_CACHE DEFAULT CELL_FLASH_CACHE DEFAULT)
  TABLESPACE "SYSTEM" ;
--------------------------------------------------------
--  DDL for Index SALES_PK
--------------------------------------------------------

  CREATE UNIQUE INDEX "JEWELLERY"."SALES_PK" ON "JEWELLERY"."SALES" ("SALES_ID") 
  PCTFREE 10 INITRANS 2 MAXTRANS 255 COMPUTE STATISTICS 
  STORAGE(INITIAL 65536 NEXT 1048576 MINEXTENTS 1 MAXEXTENTS 2147483645
  PCTINCREASE 0 FREELISTS 1 FREELIST GROUPS 1 BUFFER_POOL DEFAULT FLASH_CACHE DEFAULT CELL_FLASH_CACHE DEFAULT)
  TABLESPACE "SYSTEM" ;
--------------------------------------------------------
--  DDL for Index INVOICE_ACCOUNT_PK
--------------------------------------------------------

  CREATE UNIQUE INDEX "JEWELLERY"."INVOICE_ACCOUNT_PK" ON "JEWELLERY"."INVOICE_ACCOUNT" ("INVOICE_ACCOUNT_ID") 
  PCTFREE 10 INITRANS 2 MAXTRANS 255 COMPUTE STATISTICS 
  STORAGE(INITIAL 65536 NEXT 1048576 MINEXTENTS 1 MAXEXTENTS 2147483645
  PCTINCREASE 0 FREELISTS 1 FREELIST GROUPS 1 BUFFER_POOL DEFAULT FLASH_CACHE DEFAULT CELL_FLASH_CACHE DEFAULT)
  TABLESPACE "SYSTEM" ;
--------------------------------------------------------
--  DDL for Index USER_PK
--------------------------------------------------------

  CREATE UNIQUE INDEX "JEWELLERY"."USER_PK" ON "JEWELLERY"."EMPLOYEE" ("USER_ID") 
  PCTFREE 10 INITRANS 2 MAXTRANS 255 COMPUTE STATISTICS 
  STORAGE(INITIAL 65536 NEXT 1048576 MINEXTENTS 1 MAXEXTENTS 2147483645
  PCTINCREASE 0 FREELISTS 1 FREELIST GROUPS 1 BUFFER_POOL DEFAULT FLASH_CACHE DEFAULT CELL_FLASH_CACHE DEFAULT)
  TABLESPACE "SYSTEM" ;
--------------------------------------------------------
--  DDL for Index SUPPLIER_PK
--------------------------------------------------------

  CREATE UNIQUE INDEX "JEWELLERY"."SUPPLIER_PK" ON "JEWELLERY"."SUPPLIER" ("SUPPLIER_ID") 
  PCTFREE 10 INITRANS 2 MAXTRANS 255 COMPUTE STATISTICS 
  STORAGE(INITIAL 65536 NEXT 1048576 MINEXTENTS 1 MAXEXTENTS 2147483645
  PCTINCREASE 0 FREELISTS 1 FREELIST GROUPS 1 BUFFER_POOL DEFAULT FLASH_CACHE DEFAULT CELL_FLASH_CACHE DEFAULT)
  TABLESPACE "SYSTEM" ;
--------------------------------------------------------
--  DDL for Index INVOICE_PK
--------------------------------------------------------

  CREATE UNIQUE INDEX "JEWELLERY"."INVOICE_PK" ON "JEWELLERY"."INVOICE" ("INVOICE_ID") 
  PCTFREE 10 INITRANS 2 MAXTRANS 255 COMPUTE STATISTICS 
  STORAGE(INITIAL 65536 NEXT 1048576 MINEXTENTS 1 MAXEXTENTS 2147483645
  PCTINCREASE 0 FREELISTS 1 FREELIST GROUPS 1 BUFFER_POOL DEFAULT FLASH_CACHE DEFAULT CELL_FLASH_CACHE DEFAULT)
  TABLESPACE "SYSTEM" ;
--------------------------------------------------------
--  Constraints for Table SUPPLIER
--------------------------------------------------------

  ALTER TABLE "JEWELLERY"."SUPPLIER" ADD CONSTRAINT "SUPPLIER_PK" PRIMARY KEY ("SUPPLIER_ID")
  USING INDEX PCTFREE 10 INITRANS 2 MAXTRANS 255 COMPUTE STATISTICS 
  STORAGE(INITIAL 65536 NEXT 1048576 MINEXTENTS 1 MAXEXTENTS 2147483645
  PCTINCREASE 0 FREELISTS 1 FREELIST GROUPS 1 BUFFER_POOL DEFAULT FLASH_CACHE DEFAULT CELL_FLASH_CACHE DEFAULT)
  TABLESPACE "SYSTEM"  ENABLE;
  ALTER TABLE "JEWELLERY"."SUPPLIER" MODIFY ("SUPPLIER_PHONE" NOT NULL ENABLE);
  ALTER TABLE "JEWELLERY"."SUPPLIER" MODIFY ("SUPPLIER_NAME" NOT NULL ENABLE);
  ALTER TABLE "JEWELLERY"."SUPPLIER" MODIFY ("SUPPLIER_ID" NOT NULL ENABLE);
--------------------------------------------------------
--  Constraints for Table ORDER_PRODUCT
--------------------------------------------------------

  ALTER TABLE "JEWELLERY"."ORDER_PRODUCT" ADD CONSTRAINT "ORDER_PRODUCT_PK" PRIMARY KEY ("ORDER_PRODUCT_ID")
  USING INDEX PCTFREE 10 INITRANS 2 MAXTRANS 255 COMPUTE STATISTICS 
  STORAGE(INITIAL 65536 NEXT 1048576 MINEXTENTS 1 MAXEXTENTS 2147483645
  PCTINCREASE 0 FREELISTS 1 FREELIST GROUPS 1 BUFFER_POOL DEFAULT FLASH_CACHE DEFAULT CELL_FLASH_CACHE DEFAULT)
  TABLESPACE "SYSTEM"  ENABLE;
  ALTER TABLE "JEWELLERY"."ORDER_PRODUCT" MODIFY ("PRODUCT_ID" NOT NULL ENABLE);
  ALTER TABLE "JEWELLERY"."ORDER_PRODUCT" MODIFY ("ORDER_ID" NOT NULL ENABLE);
  ALTER TABLE "JEWELLERY"."ORDER_PRODUCT" MODIFY ("ORDER_PRODUCT_QUANTITY" NOT NULL ENABLE);
  ALTER TABLE "JEWELLERY"."ORDER_PRODUCT" MODIFY ("ORDER_PRODUCT_ID" NOT NULL ENABLE);
--------------------------------------------------------
--  Constraints for Table ORDERS
--------------------------------------------------------

  ALTER TABLE "JEWELLERY"."ORDERS" ADD CONSTRAINT "ORDER_PK" PRIMARY KEY ("ORDER_ID")
  USING INDEX PCTFREE 10 INITRANS 2 MAXTRANS 255 COMPUTE STATISTICS 
  STORAGE(INITIAL 65536 NEXT 1048576 MINEXTENTS 1 MAXEXTENTS 2147483645
  PCTINCREASE 0 FREELISTS 1 FREELIST GROUPS 1 BUFFER_POOL DEFAULT FLASH_CACHE DEFAULT CELL_FLASH_CACHE DEFAULT)
  TABLESPACE "SYSTEM"  ENABLE;
  ALTER TABLE "JEWELLERY"."ORDERS" MODIFY ("CUSTOMER_ID" NOT NULL ENABLE);
  ALTER TABLE "JEWELLERY"."ORDERS" MODIFY ("ORDER_AMOUNT" NOT NULL ENABLE);
  ALTER TABLE "JEWELLERY"."ORDERS" MODIFY ("ORDER_DATE" NOT NULL ENABLE);
  ALTER TABLE "JEWELLERY"."ORDERS" MODIFY ("ORDER_ID" NOT NULL ENABLE);
--------------------------------------------------------
--  Constraints for Table EMPLOYEE
--------------------------------------------------------

  ALTER TABLE "JEWELLERY"."EMPLOYEE" ADD UNIQUE ("USER_PASSWORD")
  USING INDEX PCTFREE 10 INITRANS 2 MAXTRANS 255 COMPUTE STATISTICS 
  STORAGE(INITIAL 65536 NEXT 1048576 MINEXTENTS 1 MAXEXTENTS 2147483645
  PCTINCREASE 0 FREELISTS 1 FREELIST GROUPS 1 BUFFER_POOL DEFAULT FLASH_CACHE DEFAULT CELL_FLASH_CACHE DEFAULT)
  TABLESPACE "SYSTEM"  ENABLE;
  ALTER TABLE "JEWELLERY"."EMPLOYEE" ADD CONSTRAINT "USER_PK" PRIMARY KEY ("USER_ID")
  USING INDEX PCTFREE 10 INITRANS 2 MAXTRANS 255 COMPUTE STATISTICS 
  STORAGE(INITIAL 65536 NEXT 1048576 MINEXTENTS 1 MAXEXTENTS 2147483645
  PCTINCREASE 0 FREELISTS 1 FREELIST GROUPS 1 BUFFER_POOL DEFAULT FLASH_CACHE DEFAULT CELL_FLASH_CACHE DEFAULT)
  TABLESPACE "SYSTEM"  ENABLE;
  ALTER TABLE "JEWELLERY"."EMPLOYEE" MODIFY ("USER_PASSWORD" NOT NULL ENABLE);
  ALTER TABLE "JEWELLERY"."EMPLOYEE" MODIFY ("USER_PHONE" NOT NULL ENABLE);
  ALTER TABLE "JEWELLERY"."EMPLOYEE" MODIFY ("USER_TYPE" NOT NULL ENABLE);
  ALTER TABLE "JEWELLERY"."EMPLOYEE" MODIFY ("USER_NAME" NOT NULL ENABLE);
  ALTER TABLE "JEWELLERY"."EMPLOYEE" MODIFY ("USER_ID" NOT NULL ENABLE);
--------------------------------------------------------
--  Constraints for Table CUSTOMER
--------------------------------------------------------

  ALTER TABLE "JEWELLERY"."CUSTOMER" ADD CONSTRAINT "CUSTOMER_PK" PRIMARY KEY ("CUSTOMER_ID")
  USING INDEX PCTFREE 10 INITRANS 2 MAXTRANS 255 COMPUTE STATISTICS 
  STORAGE(INITIAL 65536 NEXT 1048576 MINEXTENTS 1 MAXEXTENTS 2147483645
  PCTINCREASE 0 FREELISTS 1 FREELIST GROUPS 1 BUFFER_POOL DEFAULT FLASH_CACHE DEFAULT CELL_FLASH_CACHE DEFAULT)
  TABLESPACE "SYSTEM"  ENABLE;
  ALTER TABLE "JEWELLERY"."CUSTOMER" MODIFY ("CUSTOMER_PHONE" NOT NULL ENABLE);
  ALTER TABLE "JEWELLERY"."CUSTOMER" MODIFY ("CUSTOMER_ADDRESS" NOT NULL ENABLE);
  ALTER TABLE "JEWELLERY"."CUSTOMER" MODIFY ("CUSTOMER_NAME" NOT NULL ENABLE);
  ALTER TABLE "JEWELLERY"."CUSTOMER" MODIFY ("CUSTOMER_ID" NOT NULL ENABLE);
--------------------------------------------------------
--  Constraints for Table SALES_ORDER
--------------------------------------------------------

  ALTER TABLE "JEWELLERY"."SALES_ORDER" ADD CONSTRAINT "SALES_ORDER_PK" PRIMARY KEY ("SALES_ID", "ORDER_ID")
  USING INDEX PCTFREE 10 INITRANS 2 MAXTRANS 255 COMPUTE STATISTICS 
  STORAGE(INITIAL 65536 NEXT 1048576 MINEXTENTS 1 MAXEXTENTS 2147483645
  PCTINCREASE 0 FREELISTS 1 FREELIST GROUPS 1 BUFFER_POOL DEFAULT FLASH_CACHE DEFAULT CELL_FLASH_CACHE DEFAULT)
  TABLESPACE "SYSTEM"  ENABLE;
  ALTER TABLE "JEWELLERY"."SALES_ORDER" MODIFY ("ORDER_ID" NOT NULL ENABLE);
  ALTER TABLE "JEWELLERY"."SALES_ORDER" MODIFY ("SALES_ID" NOT NULL ENABLE);
--------------------------------------------------------
--  Constraints for Table INVOICE_ACCOUNT
--------------------------------------------------------

  ALTER TABLE "JEWELLERY"."INVOICE_ACCOUNT" ADD CONSTRAINT "INVOICE_ACCOUNT_PK" PRIMARY KEY ("INVOICE_ACCOUNT_ID")
  USING INDEX PCTFREE 10 INITRANS 2 MAXTRANS 255 COMPUTE STATISTICS 
  STORAGE(INITIAL 65536 NEXT 1048576 MINEXTENTS 1 MAXEXTENTS 2147483645
  PCTINCREASE 0 FREELISTS 1 FREELIST GROUPS 1 BUFFER_POOL DEFAULT FLASH_CACHE DEFAULT CELL_FLASH_CACHE DEFAULT)
  TABLESPACE "SYSTEM"  ENABLE;
  ALTER TABLE "JEWELLERY"."INVOICE_ACCOUNT" MODIFY ("ACCOUNT_ID" NOT NULL ENABLE);
  ALTER TABLE "JEWELLERY"."INVOICE_ACCOUNT" MODIFY ("INVOICE_ID" NOT NULL ENABLE);
  ALTER TABLE "JEWELLERY"."INVOICE_ACCOUNT" MODIFY ("INVOICE_ACCOUNT_ID" NOT NULL ENABLE);
--------------------------------------------------------
--  Constraints for Table INVOICE
--------------------------------------------------------

  ALTER TABLE "JEWELLERY"."INVOICE" ADD CONSTRAINT "INVOICE_PK" PRIMARY KEY ("INVOICE_ID")
  USING INDEX PCTFREE 10 INITRANS 2 MAXTRANS 255 COMPUTE STATISTICS 
  STORAGE(INITIAL 65536 NEXT 1048576 MINEXTENTS 1 MAXEXTENTS 2147483645
  PCTINCREASE 0 FREELISTS 1 FREELIST GROUPS 1 BUFFER_POOL DEFAULT FLASH_CACHE DEFAULT CELL_FLASH_CACHE DEFAULT)
  TABLESPACE "SYSTEM"  ENABLE;
  ALTER TABLE "JEWELLERY"."INVOICE" MODIFY ("SUPPLIER_ID" NOT NULL ENABLE);
  ALTER TABLE "JEWELLERY"."INVOICE" MODIFY ("INVOICE_DATE" NOT NULL ENABLE);
  ALTER TABLE "JEWELLERY"."INVOICE" MODIFY ("INVOICE_RATE" NOT NULL ENABLE);
  ALTER TABLE "JEWELLERY"."INVOICE" MODIFY ("INVOICE_AMOUNT" NOT NULL ENABLE);
  ALTER TABLE "JEWELLERY"."INVOICE" MODIFY ("INVOICE_ID" NOT NULL ENABLE);
--------------------------------------------------------
--  Constraints for Table INVOICE_PRODUCT
--------------------------------------------------------

  ALTER TABLE "JEWELLERY"."INVOICE_PRODUCT" ADD CONSTRAINT "INVOICE_PRODUCT_PK" PRIMARY KEY ("INVOICE_PRODUCT_ID")
  USING INDEX PCTFREE 10 INITRANS 2 MAXTRANS 255 COMPUTE STATISTICS 
  STORAGE(INITIAL 65536 NEXT 1048576 MINEXTENTS 1 MAXEXTENTS 2147483645
  PCTINCREASE 0 FREELISTS 1 FREELIST GROUPS 1 BUFFER_POOL DEFAULT FLASH_CACHE DEFAULT CELL_FLASH_CACHE DEFAULT)
  TABLESPACE "SYSTEM"  ENABLE;
  ALTER TABLE "JEWELLERY"."INVOICE_PRODUCT" MODIFY ("INVOICE_ID" NOT NULL ENABLE);
  ALTER TABLE "JEWELLERY"."INVOICE_PRODUCT" MODIFY ("PRODUCT_ID" NOT NULL ENABLE);
  ALTER TABLE "JEWELLERY"."INVOICE_PRODUCT" MODIFY ("INVOICE_PRODUCT_QUANTITY" NOT NULL ENABLE);
  ALTER TABLE "JEWELLERY"."INVOICE_PRODUCT" MODIFY ("INVOICE_PRODUCT_ID" NOT NULL ENABLE);
--------------------------------------------------------
--  Constraints for Table PRODUCT
--------------------------------------------------------

  ALTER TABLE "JEWELLERY"."PRODUCT" ADD CONSTRAINT "PRODUCT_PK" PRIMARY KEY ("PRODUCT_ID")
  USING INDEX PCTFREE 10 INITRANS 2 MAXTRANS 255 COMPUTE STATISTICS 
  STORAGE(INITIAL 65536 NEXT 1048576 MINEXTENTS 1 MAXEXTENTS 2147483645
  PCTINCREASE 0 FREELISTS 1 FREELIST GROUPS 1 BUFFER_POOL DEFAULT FLASH_CACHE DEFAULT CELL_FLASH_CACHE DEFAULT)
  TABLESPACE "SYSTEM"  ENABLE;
  ALTER TABLE "JEWELLERY"."PRODUCT" MODIFY ("PRODUCT_QUANTITY" NOT NULL ENABLE);
  ALTER TABLE "JEWELLERY"."PRODUCT" MODIFY ("PRODUCT_PRICE_OF_GOLD" NOT NULL ENABLE);
  ALTER TABLE "JEWELLERY"."PRODUCT" MODIFY ("PRODUCT_UNITPRICE" NOT NULL ENABLE);
  ALTER TABLE "JEWELLERY"."PRODUCT" MODIFY ("PRODUCT_RATE" NOT NULL ENABLE);
  ALTER TABLE "JEWELLERY"."PRODUCT" MODIFY ("PRODUCT_WEIGHT" NOT NULL ENABLE);
  ALTER TABLE "JEWELLERY"."PRODUCT" MODIFY ("PRODUCT_CARAT" NOT NULL ENABLE);
  ALTER TABLE "JEWELLERY"."PRODUCT" MODIFY ("PRODUCT_TYPE" NOT NULL ENABLE);
  ALTER TABLE "JEWELLERY"."PRODUCT" MODIFY ("PRODUCT_ID" NOT NULL ENABLE);
--------------------------------------------------------
--  Constraints for Table SALES
--------------------------------------------------------

  ALTER TABLE "JEWELLERY"."SALES" ADD CONSTRAINT "SALES_PK" PRIMARY KEY ("SALES_ID")
  USING INDEX PCTFREE 10 INITRANS 2 MAXTRANS 255 COMPUTE STATISTICS 
  STORAGE(INITIAL 65536 NEXT 1048576 MINEXTENTS 1 MAXEXTENTS 2147483645
  PCTINCREASE 0 FREELISTS 1 FREELIST GROUPS 1 BUFFER_POOL DEFAULT FLASH_CACHE DEFAULT CELL_FLASH_CACHE DEFAULT)
  TABLESPACE "SYSTEM"  ENABLE;
  ALTER TABLE "JEWELLERY"."SALES" MODIFY ("CUSTOMER_ID" NOT NULL ENABLE);
  ALTER TABLE "JEWELLERY"."SALES" MODIFY ("SALES_ID" NOT NULL ENABLE);
--------------------------------------------------------
--  Constraints for Table ACCOUNTS
--------------------------------------------------------

  ALTER TABLE "JEWELLERY"."ACCOUNTS" ADD CONSTRAINT "ACCOUNT_PK" PRIMARY KEY ("ACCOUNT_ID")
  USING INDEX PCTFREE 10 INITRANS 2 MAXTRANS 255 COMPUTE STATISTICS 
  STORAGE(INITIAL 65536 NEXT 1048576 MINEXTENTS 1 MAXEXTENTS 2147483645
  PCTINCREASE 0 FREELISTS 1 FREELIST GROUPS 1 BUFFER_POOL DEFAULT FLASH_CACHE DEFAULT CELL_FLASH_CACHE DEFAULT)
  TABLESPACE "SYSTEM"  ENABLE;
  ALTER TABLE "JEWELLERY"."ACCOUNTS" MODIFY ("SUPPLIER_ID" NOT NULL ENABLE);
  ALTER TABLE "JEWELLERY"."ACCOUNTS" MODIFY ("ACCOUNT_RATE" NOT NULL ENABLE);
  ALTER TABLE "JEWELLERY"."ACCOUNTS" MODIFY ("ACCOUNT_GOLD" NOT NULL ENABLE);
  ALTER TABLE "JEWELLERY"."ACCOUNTS" MODIFY ("ACCOUNT_ID" NOT NULL ENABLE);
--------------------------------------------------------
--  Ref Constraints for Table ACCOUNTS
--------------------------------------------------------

  ALTER TABLE "JEWELLERY"."ACCOUNTS" ADD CONSTRAINT "FK_SUPPLIER_ACCOUNTS" FOREIGN KEY ("SUPPLIER_ID")
	  REFERENCES "JEWELLERY"."SUPPLIER" ("SUPPLIER_ID") ENABLE;
--------------------------------------------------------
--  Ref Constraints for Table INVOICE
--------------------------------------------------------

  ALTER TABLE "JEWELLERY"."INVOICE" ADD CONSTRAINT "FK_SUPPLIER_INVOICE" FOREIGN KEY ("SUPPLIER_ID")
	  REFERENCES "JEWELLERY"."SUPPLIER" ("SUPPLIER_ID") ENABLE;
--------------------------------------------------------
--  Ref Constraints for Table INVOICE_ACCOUNT
--------------------------------------------------------

  ALTER TABLE "JEWELLERY"."INVOICE_ACCOUNT" ADD CONSTRAINT "FK_ACCOUNT_INVOICE_ACCOUNT" FOREIGN KEY ("ACCOUNT_ID")
	  REFERENCES "JEWELLERY"."ACCOUNTS" ("ACCOUNT_ID") ENABLE;
  ALTER TABLE "JEWELLERY"."INVOICE_ACCOUNT" ADD CONSTRAINT "FK_INVOICE_INVOICE_ACCOUNTS" FOREIGN KEY ("INVOICE_ID")
	  REFERENCES "JEWELLERY"."INVOICE" ("INVOICE_ID") ENABLE;
--------------------------------------------------------
--  Ref Constraints for Table INVOICE_PRODUCT
--------------------------------------------------------

  ALTER TABLE "JEWELLERY"."INVOICE_PRODUCT" ADD CONSTRAINT "FK_INVOICE_INVOICE_PRODUCT" FOREIGN KEY ("INVOICE_ID")
	  REFERENCES "JEWELLERY"."INVOICE" ("INVOICE_ID") ENABLE;
  ALTER TABLE "JEWELLERY"."INVOICE_PRODUCT" ADD CONSTRAINT "FK_PRODUCT_INVOICE_PRODUCT" FOREIGN KEY ("PRODUCT_ID")
	  REFERENCES "JEWELLERY"."PRODUCT" ("PRODUCT_ID") ENABLE;
--------------------------------------------------------
--  Ref Constraints for Table ORDERS
--------------------------------------------------------

  ALTER TABLE "JEWELLERY"."ORDERS" ADD CONSTRAINT "FK_CUSTOMER_ORDERS" FOREIGN KEY ("CUSTOMER_ID")
	  REFERENCES "JEWELLERY"."CUSTOMER" ("CUSTOMER_ID") ENABLE;
--------------------------------------------------------
--  Ref Constraints for Table ORDER_PRODUCT
--------------------------------------------------------

  ALTER TABLE "JEWELLERY"."ORDER_PRODUCT" ADD CONSTRAINT "FK_ORDER_ORDER_PRODUCT" FOREIGN KEY ("ORDER_ID")
	  REFERENCES "JEWELLERY"."ORDERS" ("ORDER_ID") ENABLE;
  ALTER TABLE "JEWELLERY"."ORDER_PRODUCT" ADD CONSTRAINT "FK_PRODUCT_ORDER_PRODUCT" FOREIGN KEY ("PRODUCT_ID")
	  REFERENCES "JEWELLERY"."PRODUCT" ("PRODUCT_ID") ENABLE;
--------------------------------------------------------
--  Ref Constraints for Table SALES
--------------------------------------------------------

  ALTER TABLE "JEWELLERY"."SALES" ADD CONSTRAINT "FK_CUSTOMER_SALES" FOREIGN KEY ("CUSTOMER_ID")
	  REFERENCES "JEWELLERY"."CUSTOMER" ("CUSTOMER_ID") ENABLE;
--------------------------------------------------------
--  Ref Constraints for Table SALES_ORDER
--------------------------------------------------------

  ALTER TABLE "JEWELLERY"."SALES_ORDER" ADD CONSTRAINT "FK_ORDER_SALES_ORDER" FOREIGN KEY ("ORDER_ID")
	  REFERENCES "JEWELLERY"."ORDERS" ("ORDER_ID") ENABLE;
  ALTER TABLE "JEWELLERY"."SALES_ORDER" ADD CONSTRAINT "FK_SALES_SALES_ORDER" FOREIGN KEY ("SALES_ID")
	  REFERENCES "JEWELLERY"."SALES" ("SALES_ID") ENABLE;
